apvExpLabId,apvCodApli,apvCodEmpresa,apvCodCargo
2245,231713,0,181
4979,233108,2,3315
8459,230821,8,612
8682,231284,84,2894
9383,231866,128,0
9589,231561,144,1134
9805,232228,151,551
10884,233400,180,1858
10994,233936,183,266
11648,243070,214,164
11681,243132,221,166
11886,243320,225,3520
11948,243372,233,3668
11951,243373,240,3230
11970,243388,252,3247
12025,243477,271,2841
12039,243492,272,269
12098,243560,273,3733
12130,243596,278,2699
12146,243607,283,272
12183,243629,324,71
12216,243654,333,2831
12233,243668,338,13
12292,243702,342,142
12309,243717,350,401
12326,243747,369,447
12414,243814,370,354
12416,243815,384,4972
12381,243783,387,3026
12531,243905,392,23
12536,243908,394,2112
12554,243909,395,2881
12558,243911,397,NULL
12595,243930,406,3432
12605,243939,411,3532
12612,243946,431,2146
12629,243956,438,255
12661,243968,439,4064
12698,243989,453,4563
12705,243991,456,3614
12758,244013,465,509
12788,244029,469,2362
12789,244033,478,3715
12790,244035,495,352
12792,244036,505,4137
12808,244040,534,2270
12814,244044,577,289
12819,244048,582,148
12848,244058,584,2870
12849,244060,589,448
12850,244061,619,94
12854,244064,625,4380
12875,244076,637,3025
12885,244087,661,2266
12900,244096,699,2993
12914,244103,706,4357
12915,244104,714,2486
12917,244105,725,3328
12919,244107,732,2153
12946,244124,737,4614
12950,244126,760,3783
12954,244128,763,3656
12985,241299,767,286
12987,244141,776,1706
12990,244144,795,539
12993,244145,803,519
13002,244146,804,4552
13006,244147,843,1785
13008,244148,844,423
13015,244153,849,371
13045,241769,851,4860
13055,244175,854,355
13058,244176,861,245
13076,244181,873,280
13077,244182,875,2427
13080,244183,882,3495
13095,244193,917,3220
13110,242199,919,604
13147,244216,921,605
13148,244217,935,4669
13165,244230,937,2983
13169,242992,956,3124
13177,244236,968,435
13179,244238,981,2324
13128,244205,1003,3967
13135,244209,1027,483
13138,244212,1028,45
13144,244215,1038,1663
13191,244242,1046,546
13224,241749,1054,34
13239,242299,1067,1675
13249,244273,1071,511
13253,244277,1083,528
13258,244283,1090,1693
13263,243159,1098,3097
13266,244290,1107,4410
13268,233618,1116,4152
13270,244291,1131,3374
13285,244298,1185,186
13289,244300,1235,3472
13292,244302,1241,3731
13293,244303,1279,3741
13296,244304,1280,4620
13298,244305,1293,32
13304,244308,1294,2024
13309,244309,1299,324
13315,244314,1302,3021
13316,244315,1305,1208
13200,242651,1321,3440
13202,244248,1328,2589
13217,244253,1347,4222
13372,244352,1355,3753
13376,244354,1357,3970
13392,244366,1375,417
13397,244373,1401,1637
13405,244381,1412,1674
13420,244386,1415,5022
13424,243004,1419,3820
13440,244392,1431,4135
13452,244401,1440,1700
13454,244406,1441,302
13458,244408,1443,1878
13459,244410,1461,3419
13464,244414,1462,3598
13465,244416,1463,2473
13466,244417,1465,3787
13468,244422,1471,3865
13473,244424,1489,216
13474,244425,1495,2855
13478,244427,1528,424
13479,244430,1529,3319
13496,244435,1539,4643
13498,244436,1557,1834
13531,244466,1596,306
13548,244477,1668,362
13550,244478,1672,3727
13552,244479,1679,477
13553,244480,1682,3542
13554,244481,1727,3273
13555,244482,1848,3363
13559,244483,1850,4757
13560,244485,1859,2176
13561,244500,1873,3153
13562,244501,1900,298
13563,240087,1917,3276
13564,244502,1957,584
13568,244507,1963,4719
13570,244509,2018,4181
13572,235111,2033,30
13507,244438,2043,2723
13512,244440,2059,4650
13513,244441,2064,4282
13514,244442,2078,4431
13517,244445,2093,4320
13518,244446,2120,2607
13521,244451,2209,571
13592,244522,2213,525
13593,242054,2274,215
13596,244524,2299,4685
13597,244525,2338,279
13598,244526,2340,3879
13599,237649,2385,3464
13600,244528,2398,2043
13609,244531,2406,3151
13610,244532,2414,3043
13611,244533,2424,3206
13612,244535,2471,507
13614,244536,2522,1687
13618,244537,2533,4478
13626,244553,2563,78
13627,242290,2566,260
13630,244558,2609,3096
13640,244562,2637,246
13642,244564,2661,4473
13647,244568,2699,3063
13650,244569,2736,3937
13654,236728,2771,259
13659,244571,2776,2921
13661,244573,2779,1667
13666,244575,2814,3900
13670,244578,2833,3662
13680,244581,2869,3006
13689,244587,2915,2353
13697,244592,2928,365
13701,244595,2932,4848
13704,244596,2967,1665
13705,244597,2979,4134
13708,244599,2984,554
13715,244609,2994,5027
13717,244610,3008,4856
13720,244617,3074,449
13723,244619,3081,3510
13728,243832,3095,567
13731,244631,3135,3517
13733,244632,3164,4523
13738,235572,3194,2157
13743,244635,3200,4097
13745,244636,3201,3971
13746,244637,3202,406
13751,244639,3234,3309
13753,244640,3237,688
13762,244646,3250,337
13765,240259,3292,4020
13766,244649,3330,44
13778,239362,3355,3310
13815,244676,3365,3744
13831,244688,3372,572
13835,241858,3423,3965
13841,244693,3425,4580
13846,244698,3437,53
13855,244703,3444,504
13858,238526,3516,4847
13863,244706,3520,4399
13866,244711,3526,3687
13871,244715,3535,4013
13874,244717,3550,3326
13914,244769,3572,229
13925,244774,3575,1795
13935,244782,3617,2971
13944,239354,3687,4838
13945,244787,3707,4119
13946,239574,3715,2976
13955,239854,3726,2432
13961,244799,3759,5017
14030,236621,3760,2799
13886,244736,3791,1642
13897,244746,3796,1937
10449,232892,3804,4470
9495,236032,3823,3678
7128,233624,3854,1375
1741,236179,3868,4044
10813,232701,3875,4045
10314,232787,3897,3931
11320,236513,3902,1649
1988,237868,3921,3544
1656,237954,3932,3060
11377,235025,3943,2107
12743,244001,3945,2282
2834,238998,3956,4481
2343,238306,3980,3941
11537,236491,4048,3135
7759,242431,4098,268
7722,242545,4099,3126
3113,238617,4138,3640
1913,237851,4144,3036
12124,243589,4161,3648
9321,231507,5176,197
9842,232493,5180,303
11349,237494,5188,4309
8460,230822,5189,2580
582,3290,5204,3465
11007,234162,5208,452
3830,235045,5229,2189
4086,239566,5245,2563
4850,237129,5261,2691
4800,239966,5272,3345
7389,242274,5303,5034
1346,236068,5324,2741
8434,242971,5334,4176
10235,232300,5335,3936
5737,240913,5354,2428
1903,237864,5372,3701
1640,237890,5387,2620
9641,232176,5453,4965
1910,237880,5461,3089
7498,242260,5462,707
3998,236235,5463,2629
11262,233799,5472,4204
9378,231818,5473,2338
1733,235960,5474,3688
6674,241492,5479,590
12058,243507,5503,171
2344,238307,5506,243
11649,243092,5532,2942
12574,232795,5546,2436
9922,231461,5594,2011
10401,232383,5631,2342
11420,233336,5643,14
6682,240253,5666,1724
6860,241472,5674,4233
4968,233047,5677,3281
7553,234335,5690,403
1473,236782,5698,3979
10475,233223,5738,15
9739,232357,5739,3729
7907,242469,5763,240
2175,238174,5796,1811
4840,240028,5821,3157
9957,232090,5856,2245
3557,239145,5857,4964
12207,243647,5858,3966
11514,236476,5929,192
11549,236734,5946,3509
11331,236190,5948,3436
2660,238612,5959,28
7458,242111,5974,3164
12471,243753,5997,544
10959,232789,6004,3984
7351,242225,6020,1871
4229,239457,6023,366
1455,236770,6044,3443
2615,238550,6068,429
7213,235683,6096,2330
12563,243913,6114,2444
9780,232072,6131,404
10042,234788,6143,2007
8681,231280,6149,3683
2364,238420,6152,2946
3773,231957,6169,3136
10130,232622,6173,3295
3435,238855,6189,187
4001,236302,6195,3093
12933,244112,6230,3192
8715,231810,6241,3647
10320,232953,6251,217
10309,232730,6254,4744
10863,233141,6275,2876
11386,235168,6282,2650
8217,242505,6308,3065
3911,237030,6319,3012
3792,234515,6320,3195
8461,230863,6330,4463
10007,236664,6332,591
9397,231884,6341,4122
10906,233703,6347,1959
13488,244431,6364,4008
7164,241892,6367,4338
4027,239461,6403,3231
9964,235177,6407,3617
3572,235447,6429,2717
3825,234956,6440,4781
7053,241708,6444,3071
6291,241227,6460,4246
6249,241102,6466,689
10701,233598,6493,3762
9544,231660,6527,4768
1575,235846,6529,3856
3355,239088,6537,1826
1931,237948,6544,4266
2112,238001,6585,618
7696,235677,6621,2056
3963,234247,6633,59
4220,235490,6641,3837
4810,240002,6667,4899
9320,230842,6682,4240
2128,238271,6697,2956
2002,238079,6701,461
11126,234237,6733,2931
10964,232313,6779,3916
11660,243104,6792,2069
11575,238045,6818,3062
11964,243385,6819,4477
11856,243282,6837,54
13504,244434,6862,4462
12977,244129,6866,3923
12492,243883,6869,1827
8271,242887,6903,4390
8295,242976,6926,2093
8300,242789,6928,548
10587,233402,6943,4053
10456,232762,6951,299
10380,236893,6969,4297
10833,233034,6999,2885
10017,235795,7012,607
10018,235856,7015,3481
10160,232719,7030,2191
2009,238093,7032,3294
2314,238186,7076,3271
3298,238763,7112,610
3247,238707,7125,2429
2702,238796,7126,4042
2827,238983,7127,4837
1597,237882,7129,2963
878,234599,7143,4960
4183,239716,7168,4083
4184,239717,7172,4172
4327,239521,7177,3703
4017,239386,7186,4564
4104,239591,7194,3704
4980,233180,7199,4753
5014,240008,7201,4607
5853,233302,7210,4834
7792,242552,7238,4610
7172,241920,7249,3286
5417,240495,7253,3048
5430,240193,7258,4364
2342,238204,7284,3549
4973,232770,7410,3912
12615,243947,7419,3699
11570,237936,7444,1686
11384,235186,7447,3595
10148,232963,7467,3147
10354,236007,7483,1636
10836,232699,7491,1934
10692,233460,7513,11
8268,242743,7520,2048
7843,242448,7559,3961
3922,238692,7561,3812
3893,235994,7562,2376
6987,241984,7569,489
7109,234588,7571,405
3408,239191,7585,1946
2160,238342,7591,1680
1231,236140,7592,4382
7334,242183,7595,409
3758,238418,7598,3784
8188,242667,7601,4015
8283,242946,7603,3642
10970,233446,7614,1835
11820,243263,7621,4388
1626,237229,7622,3341
2694,238732,7623,3581
7807,242575,7626,4413
6255,241163,7628,1708
7134,233881,7629,3169
6747,241830,7630,3367
6318,241273,7632,4073
5903,241085,7635,202
2681,238685,7638,3250
7054,241709,7640,3830
6606,241270,7642,3868
7822,231247,7644,4267
6085,239953,7646,90
3304,238787,7648,6
1527,236696,7652,3084
11301,233563,7657,3847
10824,233173,7658,3968
10258,232410,7661,46
10174,232086,7666,2375
10444,232602,7667,3583
10293,232594,7668,1950
9360,231389,7670,3942
7284,241974,7672,3670
4730,239845,7677,1798
2005,238090,7678,455
10643,233129,7679,3318
5029,240170,7680,156
9711,231832,7684,4578
4760,239880,7685,652
3521,233471,7688,3689
7194,241954,7691,4156
7698,242482,7693,2675
5745,240740,7704,2981
9588,232174,7716,4155
8249,242699,7717,4158
10039,237156,7725,4842
4077,239555,7727,1910
4666,239599,7734,3571
4332,239529,7738,1860
4085,239565,7743,4447
3941,239284,7747,2401
5578,240247,7748,3003
7769,242440,7753,4117
7221,242014,7755,4961
6312,241263,7758,1807
3100,238552,7759,3501
2625,238574,7762,3565
880,234919,7764,3399
10810,232689,7767,37
12175,243623,7768,2334
11674,243122,7770,3798
13417,244385,7772,3752
13413,244383,7776,419
13022,244159,7779,24
12747,244002,7783,4747
12857,244066,7786,5008
12845,244056,7788,407
11691,243143,7790,3885
11643,243056,7791,4206
11755,238311,7793,3559
6946,238361,7799,5010
7224,241390,7801,4710
7485,241021,7802,160
1375,236588,7807,1646
9583,232061,7812,1694
10700,233568,7814,2892
1280,234926,7815,2652
7465,242120,7818,2898
8210,242582,7823,2902
8150,242833,7824,529
5428,240044,7825,2904
3925,239318,7827,2907
7529,242237,7836,2909
7699,242483,7840,2847
7340,242208,7843,2912
7367,242067,7845,2917
1403,236714,7851,2920
1584,234331,7856,2922
9513,236444,7859,2925
10312,232279,7860,2926
13883,244721,7864,2928
13884,244724,7868,2932
10086,232379,7871,2934
7838,242554,7877,309
10928,234137,7881,2945
10465,233126,7882,3049
11571,238010,7884,2952
3914,235120,7888,2959
830,234549,7889,2964
5879,240753,7892,2968
7349,242219,7896,2972
7738,242297,7897,2978
12521,243902,7900,2979
9988,236458,7901,2980
9903,236433,7905,2149
9485,235365,7911,2984
3509,239187,7913,89
8432,242969,7917,2224
9301,231819,7919,428
2355,238324,7920,2996
6686,241660,7921,2998
7482,242308,7922,3001
1511,237474,7929,512
1417,231777,7930,3004
4749,239636,7934,2808
1281,232957,7935,3007
1755,236918,7939,3365
10410,232465,7941,3391
10649,233214,7942,3027
5636,240715,7943,3029
7123,233844,7945,3030
5722,240850,7946,2596
9809,232284,7950,3244
6078,239897,7951,481
7017,239948,7956,4
8707,231792,7958,3046
8227,242086,7968,2127
8180,242896,7971,3051
9375,231797,7978,3057
10050,236911,7979,2481
10045,231141,7980,3067
12412,233740,7982,3069
12833,235563,7983,3070
12781,237098,7984,3076
12738,239968,7987,3077
12624,232026,7989,3081
12646,241249,7990,594
13290,236695,7993,3083
13522,240956,7995,3316
11688,231564,8004,3669
12036,240060,8005,2450
6920,238054,8006,3090
7189,233447,8018,3092
5822,236781,8021,3094
4778,239919,8025,3098
4791,239944,8029,2708
4719,239801,8030,2423
4721,238075,8031,2028
4055,239511,8035,3109
2116,232384,8038,427
1941,231515,8040,2974
1976,238067,8044,77
2724,238813,8047,2140
3538,235752,8053,3120
3889,232155,8054,4381
3105,232404,8055,2651
3116,238620,8058,3131
1617,237932,8064,1781
3275,238754,8066,3524
3279,238770,8068,3137
4319,239393,8076,3139
4845,240043,8086,3142
6777,241884,8089,3146
2683,238689,8093,3188
2209,238378,8095,602
11388,235201,8105,3582
9933,232170,8110,3064
10286,232283,8112,3018
10288,232582,8130,3167
9563,231888,8133,3170
9760,231920,8140,2694
8700,231691,8143,2688
2216,238442,8145,3175
2627,238575,8153,3177
2644,238606,8154,3178
1898,237853,8155,561
2804,238949,8163,3181
3507,239168,8166,3740
3580,238341,8170,3190
6852,242132,8173,1759
7188,241948,8175,3357
7291,241981,8177,3908
7371,242251,8184,2290
7422,242275,8192,3540
7525,242419,8193,1709
4155,239668,8195,2615
5569,239752,8196,4901
2054,237842,8200,3441
1384,236651,8201,2186
9633,235826,8202,3224
10052,235845,8209,1731
11224,235806,8211,3594
11226,235848,8214,3238
9362,231332,8215,72
7466,242121,8218,3241
4203,236898,8219,3243
12660,243967,8224,3103
4830,240017,8228,3245
10290,232547,8235,3249
3396,239149,8240,2915
9734,232166,8242,3251
3406,239184,8245,3252
1470,236470,8248,3258
9666,236368,8249,1857
10172,232022,8265,3262
1586,237289,8270,1999
3260,238723,8296,3274
4876,240272,8299,3277
6549,241243,8301,3279
7046,241695,8302,3284
7117,234801,8304,1845
2226,238453,8305,3289
11026,233932,8311,3296
1391,236685,8318,3301
5709,240830,8320,3877
12533,241860,8322,3302
11429,234379,8324,3303
10372,236485,8325,12
1560,237816,8331,3321
1754,236869,8332,3523
12713,243994,8333,3324
9748,231798,8336,3329
5422,240556,8343,3189
4111,239596,8346,3331
7106,234576,8349,79
6620,241410,8350,3337
3469,239118,8351,3338
3383,239104,8352,2315
12380,243782,8353,1929
5883,240849,8355,3350
3339,239059,8357,3355
1749,236070,8359,3358
1637,237833,8360,2074
11403,236064,8362,3361
12095,243556,8364,3364
9705,232229,8366,2834
11730,243183,8372,3370
1522,236526,8374,3373
4212,238629,8378,3378
2788,238783,8381,3380
1322,235681,8385,3382
4686,239697,8388,3383
7126,232951,8393,3384
9937,232109,8409,1645
5756,240925,8417,3386
11413,232917,8420,3387
9996,230883,8428,3388
10352,235333,8433,2201
9270,230919,8434,3393
11620,243035,8435,3398
3284,238774,8442,1989
3379,239090,8449,2744
3588,239372,8450,343
2608,238515,8461,3402
11650,243093,8463,3405
4779,239920,8465,3639
8169,242877,8466,3408
9590,232178,8468,1669
10847,232979,8472,3112
8488,231705,8475,3411
11234,236448,8476,3417
6131,240141,8479,3418
1726,236773,8483,3196
8702,231430,8485,3422
2725,238814,8486,3425
1745,237103,8488,2561
1746,237104,8489,3433
10382,237101,8495,2642
5791,241011,8498,3439
4106,239593,8501,3442
10153,232937,8503,3447
4340,239537,8506,4596
7548,242453,8507,3451
7742,242397,8508,3452
7429,242342,8509,3454
1967,238058,8510,3462
1644,237937,8513,1758
2594,232574,8515,3460
3326,239043,8518,3513
3329,239045,8522,3463
10552,232435,8525,3902
12224,243590,8528,3528
12086,243549,8533,3477
7148,241835,8536,3483
8170,231987,8538,3484
7915,242421,8542,3485
4042,236432,8543,3488
859,234817,8544,3497
7410,242306,8553,3498
11436,234164,8555,1804
1217,235961,8557,3505
10736,232451,8559,1806
10551,232390,8564,3475
11873,243311,8567,3536
12813,244043,8569,3512
12682,243974,8573,3526
8232,242934,8574,4445
6102,240068,8575,1658
1404,236330,8577,3529
1630,237235,8581,278
4084,239562,8588,3535
9866,234721,8589,3538
10035,236209,8590,3541
8282,238549,8594,3545
7734,242259,8599,3551
1569,235940,8600,3552
11291,234201,8601,3562
1928,237672,8603,451
4009,235866,8605,3567
9995,236495,8607,3569
10134,232720,8611,3575
849,234552,8617,3577
1464,236405,8620,3579
12136,243592,8622,3580
11555,236422,8625,3612
4860,240202,8626,3589
11094,233564,8635,3590
7257,239721,8640,487
1546,237592,8642,93
11562,233455,8647,3608
10257,232411,8650,3610
1587,235844,8657,3613
1932,231398,8658,3616
1273,234796,8659,4976
7100,234570,8662,3619
10724,234173,8663,3625
10442,232386,8664,3626
10330,233064,8667,3627
10200,232204,8668,3312
10226,232099,8669,3632
10757,232576,8673,3633
9524,236608,8674,5023
1632,237366,8676,3638
7130,231570,8679,3641
8259,242721,8681,2716
8663,230762,8686,3886
10763,232623,8688,2935
7435,242346,8689,4509
4195,239758,8694,2715
1487,237025,8696,3643
9604,232226,8697,3644
7240,242032,8698,2851
1532,236998,8700,66
10758,232593,8701,3677
9898,236369,8707,2821
10803,232603,8710,263
7273,233919,8712,1970
1287,233503,8715,2536
10238,232293,8722,422
10162,232808,8724,609
5776,236372,8728,1009
5871,240692,8730,20
5861,240624,8733,3650
5629,239834,8736,4566
4740,239604,8738,3651
6388,241366,8742,264
3288,237191,8743,3042
9500,236121,8747,76
12694,243985,8748,3657
11014,234279,8752,3344
9808,232264,8754,4687
7993,242796,8759,170
10281,232263,8764,3207
9939,232151,8765,432
1387,236667,8766,396
6483,241061,8769,2806
7470,242125,8771,3658
4809,240001,8777,2443
4264,239832,8780,2701
4330,239526,8783,1854
4095,239583,8787,3280
4129,239660,8789,359
3990,239441,8807,3659
3315,236801,8808,2377
3403,239175,8820,4799
2801,238931,8821,2655
2828,238984,8823,2455
3479,239128,8826,3413
2077,238217,8836,1672
2167,238080,8837,40
8312,242768,8842,2523
11578,238049,8846,4112
11860,243288,8850,3673
7015,231402,8851,3674
6495,241117,8852,3843
5415,240447,8857,3680
2052,237916,8862,2671
1324,235688,8866,2180
1537,237673,8867,3690
10054,237428,8868,1886
10778,232925,8870,3692
3800,234472,8871,3694
2596,238484,8873,2763
7540,232797,8874,3697
11806,243241,8876,3038
12475,236717,8878,70
12504,237404,8881,3705
9450,231723,8886,2696
5907,241098,8892,176
6683,241651,8893,3726
10661,232872,8896,1776
10089,232385,8911,2887
8693,231611,8914,373
7331,242074,8924,558
5782,241001,8932,1738
5047,240348,8933,3738
1270,234642,8935,3739
2646,238608,8937,3743
9934,232171,8943,226
11027,230867,8950,3746
8430,240025,8951,397
7908,242478,8952,3749
3550,238415,8953,16
7198,241973,8956,304
6768,241828,8957,4010
11619,243034,8962,3758
7270,241927,8967,1877
2842,239010,8971,3761
5759,240932,8973,3767
12815,244045,8976,4480
9973,235439,8977,3769
10735,232472,8979,3773
6656,241581,8980,3748
5855,241064,8984,4773
1554,237682,8987,244
11786,243221,8988,3781
3503,239163,8989,3785
4815,239853,8993,3123
6370,241342,8994,3803
10236,232318,8998,3809
12508,243893,9001,3810
6516,241207,9003,3811
11515,236477,9005,4067
4211,238630,9008,464
4080,239558,9010,4120
7045,241694,9012,3819
9352,230830,9015,3824
4923,240416,9018,2579
6743,241816,9021,3828
10245,232376,9024,3835
1658,237957,9025,1887
10817,233063,9039,3840
10540,232923,9042,4086
7113,234835,9045,3985
4010,236421,9046,340
5880,240752,9048,4621
3803,234666,9060,3860
4941,239618,9063,3861
4709,239792,9064,3684
9790,232111,9065,3863
8137,237844,9068,168
8336,242923,9069,3866
9293,231760,9071,2889
12074,243526,9072,3870
5034,240166,9073,4627
5038,240220,9079,3882
5711,240834,9083,3883
1590,237855,9085,2530
2280,231175,9087,527
3253,238716,9088,2161
2763,238892,9089,4435
6534,241288,9094,4651
7158,241872,9100,2569
7294,241990,9110,2706
7401,242175,9116,3888
7008,242276,9122,3894
6917,241780,9124,3686
1591,237856,9128,2433
11942,243362,9129,2866
12048,243497,9133,515
11835,243276,9136,3903
12258,243694,9138,103
8224,242919,9140,1678
7903,233006,9144,3920
4962,232908,9149,4911
10179,231774,9150,3928
6873,241484,9152,3930
9605,234854,9160,3934
9481,231171,9161,3938
2808,238953,9162,1703
2139,238292,9164,3944
2058,238190,9165,3945
5021,240111,9166,3695
4235,239720,9167,3947
9958,235248,9171,1755
11612,243026,9172,2319
5914,237797,9173,3948
7207,241910,9175,3950
9884,235817,9176,3020
10611,232407,9177,3952
7707,242491,9180,3953
4030,239464,9181,2977
1337,236014,9183,3754
7102,234574,9184,2911
9454,231791,9185,3972
1315,235605,9188,3973
9564,231276,9192,1942
10760,232598,9196,3974
10993,233915,9200,3978
2601,238499,9202,2399
1894,237493,9205,321
5601,240622,9206,361
2154,238305,9209,4437
3544,239087,9211,3986
3929,238318,9213,350
11198,232877,9223,3989
13674,244579,9225,3994
7782,230793,9226,3996
7111,234510,9239,4000
6633,241453,9243,4001
1484,236901,9251,3457
6905,241653,9254,4002
6802,241568,9258,458
1223,236021,9261,4007
2176,238176,9264,4014
4116,239644,9267,1849
9899,236408,9268,446
11339,237037,9269,559
1480,236856,9270,4018
6614,241374,9272,1851
10259,231974,9276,4021
9553,231790,9279,532
11308,232831,9280,2386
13577,244516,9281,4065
6931,242156,9282,4030
10577,233342,9284,4034
9487,235590,9286,4038
3936,236295,9290,4039
2673,238667,9291,4052
11881,243313,9292,4055
2318,238270,9295,4767
7059,241716,9296,4056
7513,242390,9298,4057
10781,231673,9300,2506
3815,234702,9301,4063
7413,242312,9303,4069
6822,241937,9306,4074
10900,233576,9309,4075
10005,236661,9310,414
4174,239705,9314,4078
4808,240000,9315,4079
10047,243009,9317,3918
9985,232569,9318,3183
11594,243016,9325,2973
11069,233614,9329,408
3995,239446,9335,1794
4946,232779,9336,3395
7423,242336,9341,239
8694,231604,9342,2228
4215,237061,9344,3763
11559,236328,9346,535
12251,243681,9350,486
3313,239029,9351,4087
2710,238805,9353,1767
1558,231737,9356,4101
4897,239906,9357,4102
5852,241054,9358,2975
7355,242235,9359,4104
12365,243769,9364,4110
11194,233715,9366,593
10907,233713,9369,4111
9610,235108,9371,4113
4720,239802,9374,4648
10483,233335,9376,4123
5833,241025,9378,4124
4038,239491,9379,82
13576,244515,9380,413
1540,237675,9381,4129
3905,237280,9384,4279
6288,241217,9386,4138
9621,235607,9387,4693
12571,243920,9389,4154
11934,238399,9390,4164
6974,242227,9391,4165
13776,244530,9392,4166
9652,232116,9393,4167
3575,238581,9394,4174
5653,240772,9395,4179
3919,237803,9396,4184
5679,240573,9397,4185
2072,235985,9398,4186
9874,235326,9399,2171
9685,236662,9400,3960
9506,236399,9401,4201
8228,242932,9402,4202
11722,243170,9404,4210
2362,238408,9405,4211
5005,239980,9407,4215
3939,239282,9408,4217
10841,232289,9409,4223
4924,240427,9410,4221
6157,240854,9411,4192
1488,236958,9412,4229
6105,240076,9413,4232
3584,239357,9414,4234
861,234844,9415,4131
5564,240525,9418,4247
11374,234477,9420,4251
9991,236466,9422,4670
10986,233794,9424,4253
2257,231821,9425,4254
10823,233163,9428,4255
11776,243214,9431,402
2302,238155,9432,4271
4934,240558,9438,4275
10695,233372,9439,4284
4908,240225,9442,4291
7441,242353,9444,4296
7075,241901,9445,4302
8678,231074,9447,4308
12903,244098,9449,4314
11351,237498,9451,4316
10322,232966,9452,4327
4034,239477,9458,4331
6230,240900,9459,4035
6348,241316,9462,4333
6732,241397,9463,4334
1363,236378,9465,4286
8349,242846,9473,4340
7904,242459,9479,1816
2715,238506,9484,4341
7344,242213,9490,4347
5429,240187,9496,4349
5670,240796,9498,4353
5676,240795,9503,4362
8277,242941,9504,4365
8291,241596,9508,4955
9862,235325,9509,4368
12009,243468,9510,4370
1545,236859,9513,4371
6532,231538,9515,4387
7160,241887,9516,4389
1344,235867,9518,4392
13351,244310,9522,4393
4348,239545,9524,4396
9394,231939,9525,4403
4326,239520,9531,4405
7556,238498,9532,2514
7156,241870,9537,4411
5566,239628,9538,4412
4191,239737,9539,2275
12075,243529,9542,3854
2800,238930,9543,3037
6801,241567,9544,4439
5597,237800,9547,2608
10450,232781,9549,1825
3979,238852,9552,4442
3798,234619,9554,2411
10208,234718,9557,4451
1905,237866,9558,182
9620,235364,9559,3323
4966,232922,9562,3521
5039,240277,9565,2159
1666,237968,9569,4472
2088,238230,9570,234
11124,234509,9572,709
10798,232610,9573,4493
2671,238665,9574,4494
1964,238043,9575,3427
1657,237955,9576,4497
10951,234288,9580,4498
5786,236861,9581,4500
6695,241698,9583,4983
9772,231473,9588,4519
7897,242724,9589,4524
12363,243765,9595,1677
12636,243879,9596,4538
2728,238836,9598,4539
8160,242755,9604,2064
5760,240933,9611,4542
10204,235260,9612,4555
8704,231727,9614,4558
12112,243577,9618,4565
12113,243578,9620,292
11143,233355,9621,4572
12816,244046,9626,4573
4983,233164,9627,4576
4147,239547,9628,4577
7325,242193,9631,4579
7394,242078,9632,4581
2277,231282,9637,4588
3832,234958,9654,4589
12373,236015,9657,4590
12066,243514,9666,4594
8660,230753,9669,4716
9691,230758,9674,188
9347,230736,9677,4601
9417,230770,9687,614
9418,230773,9688,4606
8668,230820,9692,4608
9742,230964,9693,4609
8464,230968,9695,143
3902,239084,9697,4613
9744,231002,9698,4623
9424,231020,9701,4625
8467,231172,9706,4626
9904,231215,9710,4633
8468,231177,9719,2023
9427,231302,9721,4636
9428,231297,9723,4637
9542,231304,9725,1931
8469,231060,9726,4639
8684,231307,9731,4649
8470,231319,9733,4658
9909,231333,9734,4659
9430,231320,9737,4660
9910,231326,9740,4673
8473,231331,9741,4676
9433,231351,9742,4678
9435,231365,9745,4679
8474,231357,9747,4680
9913,231361,9749,4686
9278,231366,9752,3587
9282,231411,9755,4705
9438,231414,9758,4765
9915,231427,9759,4711
9917,231464,9767,4712
8477,231506,9771,4713
8690,231587,9773,4715
9285,231539,9775,4720
8479,231565,9779,4721
9286,231508,9781,4729
9363,231609,9782,4732
9287,231622,9787,4733
8481,231658,9788,4741
9441,231659,9790,4748
3975,239383,9793,198
2232,231637,9799,2361
8485,231648,9800,4750
8697,231651,9804,4700
1551,237568,9805,4775
8489,231706,9806,4346
2244,231708,9808,4769
9853,231995,9809,4785
9372,231719,9811,4788
9292,231709,9812,4790
9550,231750,9815,4791
9374,231765,9816,4094
9294,231744,9820,4792
9296,231793,9821,4691
9555,231795,9822,1805
9376,231753,9826,4793
9377,231817,9828,4794
3476,239123,9829,5003
3468,239117,9832,4760
8712,231820,9835,4798
9750,231814,9838,4801
9303,231837,9839,4805
9558,231801,9840,4810
9380,231836,9843,4811
9381,231825,9844,4814
9382,231164,9849,4820
2259,231826,9854,2458
11520,236482,9860,4821
1752,236938,9862,4694
2260,231134,9866,364
8722,231468,9867,4822
9754,231198,9869,4828
9465,231202,9870,4830
9390,231858,9879,4832
9391,231868,9881,2545
9393,231872,9885,4843
9756,231871,9887,326
9470,231492,9894,4850
9395,231893,9898,219
9758,231577,9905,4875
9759,231959,9910,4876
9919,231960,9914,4877
10890,232248,9919,4879
7073,239447,9923,4880
2268,231932,9927,4886
9400,231955,9941,4887
3548,239157,9942,1868
9572,231963,9944,1917
9920,231944,9945,1812
4231,239459,9947,613
2274,231196,9948,1945
11358,233743,9950,4906
9769,231259,9953,4913
9925,232035,9954,4922
9927,231140,9955,4924
9928,232068,9958,4925
9929,231970,9960,3816
10534,232790,9971,4928
9578,231975,9972,4930
2083,238224,9975,4677
9786,231537,9982,4936
10177,231157,9983,4938
6818,241913,9988,4939
10180,232092,9990,4920
10182,232000,9996,484
11986,243443,9997,4956
9854,231218,9999,4966
9955,232081,10002,4967
6760,241844,10007,4969
9585,232110,10008,4970
9951,232223,10013,4971
9696,232169,10014,4974
9797,232173,10022,4005
10190,232177,10024,4910
9699,232179,10028,4987
9592,232180,10029,4992
9643,232181,10030,4993
1927,237943,10031,4999
9644,232182,10032,5011
10193,232158,10043,5012
9943,232126,10048,5014
10196,232119,10049,5015
9944,232193,10050,5018
9593,232195,10056,5019
9801,232196,10059,5026
10198,232197,10060,2400
9594,232084,10063,5028
9947,231913,10064,5035
9597,231671,10065,4986
9704,232162,10068,5042
9599,232205,10069,5043
9651,232206,10073,5044
10340,234996,10074,4225
10645,233123,10077,3445
1945,238017,10078,
10203,232224,10079,
9706,232232,10084,
10120,232246,10085,
1465,236406,10097,
9710,232241,10099,
10066,232252,10101,
10067,232254,10109,
10068,232255,10116,
10280,232259,10135,
10069,232260,10139,
10283,232269,10141,
10284,232078,10142,
10285,232282,10143,
9714,232285,10147,
9715,232287,10148,
10333,232262,10149,
4171,239691,10156,
9719,232213,10163,
11240,233362,10165,
9815,232296,10166,
1747,236630,10167,
5440,240594,10173,
9726,232315,10176,
4783,239925,10177,
9727,232316,10185,
9729,232325,10189,
10384,231527,10192,
9731,232305,10193,
10438,232335,10205,
10079,232270,10209,
6797,241563,10213,
9822,232330,10214,
9736,232350,10216,
10081,232365,10223,
10391,232339,10224,
10082,232341,10227,
9823,232375,10234,
9959,235249,10237,
9827,232377,10239,
875,234946,10240,
10443,232387,10242,
10250,231854,10248,
10090,232367,10252,
10396,232361,10253,
10609,232405,10256,
10770,232680,10257,
10729,232415,10259,
10496,232425,10261,
10524,232629,10264,
10549,232426,10265,
10740,232394,10267,
10299,232630,10273,
10404,232430,10282,
5405,240282,10285,
10553,232439,10287,
10505,231676,10289,
10266,232132,10293,
1359,236311,10294,
1573,236136,10299,
10409,232449,10300,
10268,232482,10305,
10509,232481,10306,
10782,232492,10308,
10102,232494,10309,
9845,232488,10311,
10413,232512,10318,
1744,237102,10319,
4761,239883,10320,
10107,232448,10325,
10414,232500,10326,
10746,231725,10330,
10108,232504,10332,
7425,242338,10334,
10749,232499,10336,
9848,232517,10345,
10755,232536,10356,
5603,240702,10357,
10110,232108,10363,
10418,232559,10365,
10419,232562,10366,
10756,232535,10372,
10592,233437,10377,
10275,232552,10381,
11507,235134,10382,
3443,238934,10386,
10113,232572,10387,
10519,232338,10389,
11132,235130,10395,
10427,232597,10397,
10520,232600,10398,
10428,232601,10403,
11985,243442,10404,
10762,232620,10405,
10620,232632,10407,
10622,232628,10415,
11817,243259,10418,
7193,241952,10425,
2365,238421,10427,
10773,232685,10429,
10687,232579,10436,
10305,232403,10437,
10627,232669,10442,
10812,232693,10445,
9881,235813,10446,
3547,239112,10447,
10628,232705,10449,
10839,232724,10450,
10845,232725,10455,
10840,232728,10456,
10308,232711,10457,
12751,244004,10459,
10956,232750,10460,
10961,232759,10461,
10957,232758,10463,
2699,238791,10468,
1364,234252,10472,
6949,233949,10473,
10546,233028,10476,
11624,239581,10481,
10960,232810,10483,
10967,232767,10484,
10968,232814,10485,
4947,232840,10489,
4948,232852,10492,
4949,232848,10497,
10143,232873,10498,
10316,232851,10504,
10448,232860,10507,
4952,232885,10508,
10317,232900,10509,
4955,232879,10511,
10536,232875,10512,
10630,232883,10513,
10814,232961,10520,
10632,232964,10523,
10150,232763,10525,
10454,232977,10528,
10151,232942,10533,
4961,232972,10540,
4964,232843,10541,
10637,233001,10557,
10164,232780,10558,
10458,233048,10560,
10819,233074,10564,
3281,233802,10568,
10459,232686,10572,
10859,233086,10579,
1559,235833,10580,
10862,233135,10585,
6108,240079,10587,
6753,241837,10600,
6775,241879,10603,
10646,233122,10604,
10977,233486,10605,
10822,233159,10608,
10648,233161,10614,
10868,233179,10615,
4982,233194,10618,
4198,239761,10636,
7375,242253,10643,
874,233658,10645,
4984,233169,10648,
4985,233168,10652,
10829,233216,10654,
10650,233226,10664,
10872,233234,10672,
10873,233190,10673,
1367,236413,10676,
10651,233263,10680,
10876,233296,10681,
10479,233289,10686,
4997,233284,10687,
10561,233090,10689,
1756,237070,10691,
10566,233271,10694,
10567,233294,10695,
10568,233317,10701,
10569,233318,10703,
10657,233329,10705,
10573,233314,10711,
10575,233340,10712,
10662,233341,10714,
10664,233093,10715,
10883,232734,10716,
11241,233333,10717,
831,234550,10721,
10586,233348,10723,
10665,233325,10725,
11020,233426,10731,
10485,233458,10732,
10588,233429,10735,
10971,233444,10736,
10972,233472,10740,
10973,233445,10742,
10488,233398,10744,
10975,233492,10747,
10489,233495,10748,
10691,233513,10749,
10694,233533,10751,
3829,233872,10752,
10696,233534,10753,
10697,233535,10757,
10888,233385,10760,
11248,233569,10761,
11249,233589,10765,
11185,233603,10771,
10893,233583,10776,
11251,233588,10778,
1503,235794,10780,
5823,235948,10783,
11191,233633,10785,
11253,233622,10786,
11192,233651,10787,
10899,233653,10788,
10703,233644,10791,
10905,233709,10792,
11258,233664,10793,
10984,233712,10795,
10705,233701,10796,
11363,233732,10799,
10911,233769,10800,
10710,233774,10803,
10913,233797,10804,
11368,233817,10805,
10713,233788,10808,
10989,233806,10816,
11264,233830,10821,
1360,236332,10823,
10991,233832,10825,
10916,233579,10828,
10917,233845,10832,
11064,233878,10836,
11065,233879,10838,
1736,231149,10844,
10716,233849,10846,
11092,233889,10847,
11097,233935,10853,
10718,233937,10854,
10919,233893,10855,
11073,234020,10858,
11099,233984,10859,
11082,233924,10860,
11083,234046,10861,
11101,233972,10865,
10999,234071,10868,
10922,234074,10871,
11000,234077,10875,
11103,233575,10884,
10923,234087,10886,
11087,234042,10887,
11089,234061,10888,
11004,234145,10898,
10725,234174,10899,
11078,234178,10901,
11006,234208,10903,
11422,234216,10908,
11425,234235,10910,
11435,234184,10911,
10381,236922,10912,
10929,234212,10913,
11008,234238,10914,
11009,234228,10915,
12887,244086,10917,
1870,236634,10920,
11208,234141,10922,
11517,236478,10923,
12691,236210,10929,
11109,234292,10933,
7750,242416,10934,
11267,234287,10935,
11016,234311,10939,
11438,234323,10943,
11440,234352,10944,
11116,234356,10945,
11272,234314,10946,
11114,234363,10948,
7120,234904,10949,
11118,234336,10950,
11214,234401,10951,
7858,242566,10953,
3367,238904,10954,
1283,234446,10958,
11145,234443,10959,
11285,234523,10961,
11286,234525,10962,
7096,234507,10965,
7098,234494,10966,
1259,234579,10967,
1260,234580,10969,
4825,239986,10970,
3796,234572,10971,
837,234601,10972,
838,234607,10973,
839,234616,10976,
9677,236520,10977,
850,233967,10978,
3801,234662,10983,
7104,234671,10984,
1265,234660,10986,
3802,234667,10987,
3804,234715,10989,
857,234693,10995,
858,234792,10996,
1269,234833,10997,
1293,235076,10998,
864,234847,11000,
866,234800,11001,
3813,234879,11003,
1394,236693,11005,
10377,236729,11006,
1277,234910,11008,
3818,234451,11015,
872,233825,11016,
3819,233565,11020,
1284,233305,11021,
11293,234980,11024,
3823,233548,11025,
7135,234711,11026,
6774,241877,11027,
7139,234816,11031,
879,233493,11032,
11030,234169,11034,
11031,234496,11035,
11295,234899,11036,
881,235006,11039,
3827,235008,11040,
1289,235020,11045,
11130,235044,11046,
882,234957,11049,
4205,236126,11050,
5825,240994,11055,
3833,235118,11059,
12502,243892,11063,
11381,234712,11064,
11297,235145,11068,
11302,235140,11069,
11505,235139,11070,
1296,235211,11072,
1310,235195,11073,
9476,231697,11075,
6087,239956,11082,
5638,239030,11085,
6819,241914,11088,
1311,235191,11093,
1312,235219,11095,
9861,235237,11098,
9962,231293,11099,
10205,235262,11101,
9965,234860,11103,
10343,234703,11107,
10210,234857,11109,
9611,233171,11114,
10347,235267,11115,
9615,235407,11116,
9616,235347,11119,
9619,235000,11121,
10211,235520,11127,
9968,235551,11128,
11530,235635,11130,
10364,236062,11131,
9489,235664,11136,
9863,235595,11140,
1325,235708,11142,
3984,239419,11143,
9970,235729,11147,
9972,235730,11159,
1215,235723,11162,
1411,236397,11167,
1564,236570,11176,
1639,237835,11178,
4023,239449,11183,
9625,235757,11185,
9879,235758,11187,
10212,235412,11192,
10014,235791,11195,
9882,235815,11196,
9628,235821,11199,
9630,235824,11200,
9631,235823,11201,
9632,235825,11202,
9885,235860,11207,
9889,235421,11209,
11391,235414,11210,
9661,235964,11211,
1222,236006,11213,
11395,236043,11214,
11397,236001,11218,
10361,235998,11219,
11228,236058,11222,
11404,236065,11228,
11533,236060,11237,
10365,235569,11241,
9893,236087,11244,
1224,236112,11248,
12142,243602,11252,
1225,236142,11254,
1227,234907,11255,
1233,236155,11267,
1239,236134,11269,
1240,236168,11275,
2622,238568,11279,
9501,236192,11290,
9663,236129,11292,
11548,236546,11293,
1350,236223,11294,
1354,236236,11296,
1355,236238,11306,
4822,239858,11307,
12509,243894,11310,
1362,236360,11319,
9502,236361,11321,
9664,236364,11322,
13445,244397,11323,
11324,236731,11325,
7758,242264,11327,
11597,243019,11332,
12140,237354,11334,
12672,243970,11336,
8263,242356,11337,
9974,236367,11349,
1514,236387,11355,
1459,236398,11358,
1461,236400,11364,
1462,236401,11366,
2731,238839,11370,
9507,236402,11374,
1463,236403,11379,
1731,236888,11383,
1727,236825,11386,
1743,236921,11387,
7475,242197,11396,
7512,242291,11398,
7202,241682,11400,
9667,234129,11401,
8186,242666,11404,
8220,242909,11405,
12692,243984,11406,
12687,243979,11407,
12491,243841,11412,
13475,244204,11414,
13441,244394,11415,
13530,244454,11418,
13085,244185,11420,
13606,239350,11423,
1466,236407,11426,
9975,235084,11427,
1406,236417,11431,
1516,236086,11442,
1369,236419,11443,
1409,236423,11451,
1467,236412,11464,
1414,236426,11465,
10214,236441,11471,
9980,236442,11473,
9982,236424,11476,
12717,243997,11478,
9672,236445,11480,
1985,237885,11482,
11305,236447,11486,
10369,236449,11490,
11306,236451,11491,
11717,243171,11497,
1581,236923,11501,
9987,236452,11502,
11237,236454,11505,
9989,236462,11508,
9990,236465,11512,
11405,236464,11513,
11509,236461,11519,
13409,244382,11521,
1530,236868,11530,
9992,236468,11531,
11510,236088,11532,
11406,236469,11534,
11311,236504,11539,
11511,236474,11540,
11410,232919,11542,
7816,242463,11546,
9994,236479,11547,
11518,236480,11548,
10370,236481,11557,
10371,236483,11561,
13455,244407,11566,
10216,233954,11574,
7527,242242,11575,
7391,242279,11578,
11522,236484,11583,
11524,236486,11590,
10373,232025,11594,
11526,236487,11595,
11527,236488,11597,
11528,236490,11600,
11539,236492,11609,
11540,236493,11616,
11541,236494,11619,
11542,236496,11621,
11544,236497,11627,
11545,236498,11630,
12349,240143,11631,
13112,244199,11634,
9997,232012,11635,
7190,241936,11636,
11309,236500,11637,
10223,236501,11640,
11312,236507,11641,
11313,236506,11643,
11315,236508,11644,
1442,236511,11646,
11319,236512,11656,
11321,236515,11662,
1443,236514,11665,
12770,244019,11667,
9675,236518,11671,
9514,236522,11674,
1518,236524,11675,
1520,236525,11678,
1524,236527,11688,
10020,236530,11692,
10021,236532,11695,
10022,236533,11697,
10023,236536,11698,
11323,236539,11700,
5839,241032,11702,
1374,236586,11706,
1376,236589,11707,
9516,236591,11708,
9517,236593,11711,
9518,236594,11722,
9519,236595,11724,
9520,236596,11726,
1567,236599,11728,
9521,236606,11732,
9523,236607,11733,
9525,236609,11739,
9526,236611,11745,
1568,236587,11750,
9680,236614,11754,
9681,236615,11755,
9682,235093,11757,
10003,236618,11758,
1377,236617,11760,
1380,236645,11762,
1381,236646,11764,
1382,236648,11765,
1383,236649,11766,
1385,236652,11770,
1386,236653,11772,
9528,236654,11775,
9529,236656,11779,
11551,237027,11784,
9683,236660,11787,
9686,236663,11793,
10008,236665,11794,
1388,236668,11803,
1621,236671,11804,
1390,236675,11807,
1397,236698,11813,
1398,236697,11818,
1399,236713,11819,
1528,236720,11827,
1449,236719,11830,
9688,236721,11831,
1451,236724,11847,
9689,236725,11851,
10376,236726,11856,
10378,236730,11865,
11919,243295,11871,
11415,236732,11872,
11416,236733,11873,
1454,236711,11875,
1725,236722,11886,
1474,236785,11890,
1475,236786,11899,
1622,236794,11911,
1478,236855,11922,
1732,236891,11926,
11561,236969,11929,
12838,244052,11933,
1576,235829,11935,
1737,236148,11936,
1750,236905,11938,
10029,236906,11940,
7011,242285,11943,
10030,236995,11947,
7883,239219,11951,
8260,242504,11952,
12320,243744,11953,
10031,236996,11957,
1485,237002,11958,
11326,237004,11959,
11622,239851,11961,
13449,244281,11964,
11550,237026,11965,
11552,237028,11968,
1534,237442,11970,
1585,237063,11972,
10036,237131,11975,
11558,236351,11976,
10037,237155,11980,
1627,237234,11986,
1761,236883,11987,
11332,235469,11988,
5452,240423,11993,
10046,237236,11995,
1631,236622,11996,
10048,237105,11997,
1496,236687,11998,
1497,237046,11999,
2610,238520,12004,
3334,239054,12005,
11335,237051,12010,
11337,237060,12011,
11341,237389,12013,
1500,235721,12014,
10053,236578,12015,
2677,238673,12028,
1507,236681,12033,
2071,238211,12047,
11342,236954,12049,
11345,236291,12053,
11563,237328,12057,
11564,237309,12059,
10055,237448,12060,
10056,236287,12061,
1510,237438,12064,
11350,237495,12069,
10057,237510,12070,
1512,237655,12073,
4060,239295,12076,
1873,236778,12077,
1878,235377,12087,
1879,236851,12088,
1635,237715,12092,
1880,237260,12110,
1552,237440,12114,
1881,233923,12115,
1556,237458,12116,
1885,237792,12118,
1887,237503,12121,
1561,237819,12134,
1588,237777,12140,
1890,237457,12142,
1896,237500,12144,
1897,236735,12150,
11352,235417,12163,
1592,234985,12168,
1593,237839,12170,
1594,237869,12179,
1641,237891,12192,
1603,237895,12199,
1609,234738,12202,
1916,237908,12213,
11353,237914,12217,
8014,242774,12220,
1614,237915,12229,
1923,237927,12236,
6490,241126,12249,
1615,237928,12250,
1618,237933,12254,
1619,237934,12259,
1645,235146,12261,
1924,233690,12264,
1925,237941,12266,
1649,237947,12293,
1655,233778,12296,
1661,237963,12302,
1668,237970,12313,
1671,237973,12317,
1673,237975,12318,
1934,237980,12327,
1935,237983,12334,
1990,237985,12335,
1994,237992,12338,
1996,237993,12340,
2110,238000,12341,
2118,238007,12347,
2119,238005,12348,
2120,238008,12349,
1942,233727,12354,
11572,238012,12356,
11574,238014,12359,
1946,238018,12360,
1952,238024,12362,
1953,238026,12364,
1954,238027,12365,
1963,238042,12366,
11577,238048,12367,
11580,238051,12381,
5016,240063,12382,
4744,239607,12384,
3458,239086,12387,
1975,238066,12393,
2682,238688,12395,
1983,231397,12397,
1986,237421,12398,
2001,238078,12399,
2003,238088,12405,
2004,238089,12412,
2010,238095,12414,
7290,241980,12418,
2012,238097,12423,
2013,238098,12428,
8182,242638,12445,
7953,242757,12449,
2014,238099,12450,
2017,238103,12465,
2224,238450,12466,
2285,238106,12470,
2287,238108,12472,
2288,238110,12473,
2020,238119,12503,
2289,238120,12504,
2021,238129,12505,
2025,238135,12511,
8318,242784,12518,
2028,238137,12521,
2031,238141,12522,
2033,238143,12524,
2292,238145,12532,
2293,238146,12535,
2294,238147,12541,
2296,238149,12548,
2297,238150,12550,
2304,238157,12551,
2038,238163,12553,
11604,236983,12556,
5037,240173,12558,
2308,238180,12560,
2309,238182,12568,
2310,238183,12572,
2311,238184,12576,
2066,238198,12577,
2339,238206,12579,
2069,238209,12580,
2070,238210,12581,
2081,238222,12589,
2087,238229,12592,
2094,238237,12598,
2177,238260,12599,
2123,238262,12600,
2180,238264,12615,
2100,234955,12620,
2105,238269,12623,
4799,239964,12624,
2138,238285,12626,
2323,238288,12627,
2141,238293,12629,
2142,238295,12638,
2145,238298,12641,
2146,238299,12650,
2148,238300,12657,
2152,238303,12668,
2153,238304,12675,
5001,239976,12676,
2352,238317,12677,
2354,238321,12685,
2157,238339,12687,
5602,240700,12688,
2164,238349,12690,
2187,238371,12693,
2188,238372,12694,
2193,238383,12697,
2195,238386,12699,
2196,238387,12700,
2203,238396,12703,
2204,238397,12709,
2327,232897,12710,
2331,238402,12714,
2363,238414,12716,
2205,238369,12718,
2334,238422,12720,
2335,238423,12724,
2366,238440,12735,
2217,238444,12739,
2221,238416,12745,
2222,238449,12750,
2225,238452,12751,
2228,238455,12752,
2230,238427,12754,
2587,238465,12757,
2591,238470,12778,
2651,233496,12784,
2652,238471,12786,
3543,239294,12798,
2658,238479,12807,
2593,238482,12818,
2595,238483,12823,
2602,238500,12824,
2604,238501,12825,
2716,238507,12828,
4874,240250,12829,
2779,238523,12832,
4241,239754,12837,
2783,238527,12846,
2612,232214,12849,
2613,238546,12850,
2614,238547,12852,
2619,238561,12855,
2620,238563,12860,
3110,238592,12863,
4696,239748,12865,
4927,240398,12868,
3111,238593,12873,
2639,238596,12875,
2661,238613,12876,
3119,238625,12884,
2667,238657,12885,
7697,242481,12886,
2669,238663,12887,
2670,238664,12889,
2672,238666,12896,
2784,238674,12897,
3236,238675,12898,
3238,238677,12900,
7336,242207,12901,
4888,239822,12906,
3246,238706,12908,
2691,238712,12910,
3250,238713,12911,
3251,238714,12913,
3261,238726,12914,
2692,238729,12915,
2693,235734,12917,
3267,238745,12922,
3471,239121,12923,
3268,231050,12927,
3270,238747,12928,
3271,238748,12929,
3301,238766,12939,
3282,238772,12941,
2824,238978,12944,
3303,238776,12945,
2785,238780,12950,
7912,242498,12951,
2703,238797,12956,
2708,238803,12959,
12392,243788,12961,
2720,238810,12963,
2758,238887,12967,
3290,238815,12968,
3397,239150,12976,
3293,238817,12977,
3362,238819,12982,
3363,238821,12983,
6756,234735,12985,
3364,238822,12986,
7808,242576,12989,
3428,238826,12990,
3430,231596,12993,
3311,239018,12994,
3433,238830,12998,
3434,238831,13009,
2729,238837,13010,
2734,238844,13021,
6514,241204,13029,
2792,235718,13038,
4734,239862,13043,
2745,238869,13045,
2747,238871,13046,
2751,238878,13048,
2752,238880,13049,
2756,238885,13050,
2757,238886,13051,
2764,238893,13059,
2765,238894,13062,
4711,239795,13066,
2768,238897,13076,
3305,238898,13081,
2773,238913,13082,
2774,238914,13093,
2776,238915,13095,
2799,233781,13097,
3437,238923,13107,
3442,238933,13116,
3446,238944,13117,
2803,238946,13120,
2805,238950,13126,
2817,238971,13129,
2830,234824,13132,
2831,238988,13137,
2838,239002,13138,
2840,239003,13142,
11884,243317,13144,
2843,239012,13148,
3372,239026,13151,
4043,239496,13154,
3317,239031,13164,
3322,239039,13169,
3453,239040,13175,
3325,239042,13181,
3335,239055,13183,
3338,239058,13188,
3340,239060,13189,
3376,232678,13191,
3377,239065,13194,
3378,239066,13196,
3343,239070,13197,
3351,239077,13201,
3454,239081,13202,
3356,239089,13204,
3460,239093,13206,
3463,239095,13209,
3385,239109,13211,
3386,239110,13212,
3470,239120,13214,
3475,239122,13218,
3478,239125,13219,
3480,239129,13223,
3482,239132,13226,
3483,239134,13228,
3494,239138,13232,
3495,239139,13238,
3392,239144,13252,
3484,239153,13253,
3496,239154,13254,
3498,239156,13261,
3500,239158,13268,
3504,239166,13270,
3399,239170,13276,
3400,237807,13283,
3405,239183,13287,
3409,239193,13289,
3411,239195,13290,
3412,239196,13291,
3413,239197,13296,
3414,239199,13297,
3416,239200,13298,
3762,239212,13299,
3522,239213,13301,
3528,239220,13302,
3764,239225,13303,
3766,239228,13307,
3767,239229,13308,
3769,239231,13310,
3781,239232,13315,
3529,239226,13320,
3783,239244,13321,
3883,239242,13324,
3885,239255,13325,
3774,239258,13326,
3778,239262,13327,
3784,239263,13330,
3537,239277,13338,
3539,235362,13339,
3896,239298,13346,
3897,239299,13347,
3899,239302,13360,
3903,239305,13366,
3908,239306,13378,
4134,239309,13380,
3923,239312,13385,
3924,239317,13386,
3928,239327,13398,
3566,239329,13399,
4141,236279,13401,
3949,239334,13402,
3950,239335,13403,
3951,239336,13405,
4805,239997,13407,
3953,235597,13408,
3960,239345,13409,
3961,239347,13411,
3965,235553,13412,
4066,239367,13418,
3972,239369,13421,
3589,239373,13424,
4003,237865,13425,
6849,242129,13426,
4013,239377,13427,
4222,237048,13432,
3593,239397,13435,
3594,239401,13438,
3598,239407,13439,
3983,239418,13440,
3985,239420,13442,
4020,239425,13458,
6759,241842,13470,
4021,239426,13480,
4320,239428,13485,
4322,239434,13498,
4069,239437,13504,
4070,239438,13507,
4024,239450,13508,
4227,239455,13509,
4232,239460,13510,
4037,239490,13511,
4041,239495,13512,
4047,239501,13528,
4048,239502,13530,
4051,239506,13531,
4052,239507,13533,
4058,239514,13541,
4071,239516,13544,
4146,239523,13545,
4341,239540,13555,
4342,239541,13557,
4331,239551,13559,
4075,239553,13561,
4819,239855,13564,
4083,239561,13573,
4088,239571,13576,
4090,239573,13578,
4092,239575,13580,
4093,239576,13581,
4094,239582,13590,
4098,239586,13593,
4099,239587,13594,
4101,239588,13601,
4109,239595,13617,
5445,239331,13644,
4668,239601,13646,
4741,239605,13652,
4113,239616,13656,
4673,239629,13699,
4748,239635,13722,
4114,239638,,
4118,236013,,
4122,239649,,
4150,239653,,
4126,239657,,
4127,239658,,
4128,239659,,
4151,239663,,
4678,239664,,
4152,239665,,
4153,239666,,
4157,239669,,
4812,239671,,
4159,239673,,
4801,239969,,
4163,239681,,
4164,239682,,
4165,239683,,
4168,239686,,
4687,239698,,
7430,242343,,
4689,239711,,
4179,239712,,
4182,239715,,
4239,239724,,
4753,239729,,
4754,239733,,
4694,239746,,
4242,239756,,
4814,239757,,
4701,239765,,
4200,239770,,
4243,239771,,
4702,239774,,
4246,239776,,
4247,239777,,
4248,239778,,
4704,239786,,
4707,239790,,
4714,239798,,
4722,239808,,
4884,239818,,
4886,239820,,
4887,239821,,
4889,239823,,
4727,233152,,
4729,239844,,
4731,239849,,
4820,239856,,
4738,239866,,
4756,239876,,
7961,242765,,
4759,239879,,
4762,239884,,
4765,239891,,
4766,239892,,
4769,231112,,
4891,239899,,
4896,239905,,
4898,239907,,
4773,239914,,
4784,239926,,
4899,239927,,
12156,243604,,
4787,239938,,
4792,239945,,
4793,239946,,
4794,239947,,
11659,239731,,
6084,239950,,
6088,239957,,
6089,239958,,
6090,239959,,
6091,239960,,
6093,239973,,
5004,239979,,
5007,239982,,
5009,239984,,
6094,239988,,
4806,239998,,
4807,239999,,
6095,240004,,
5011,240006,,
5012,236521,,
5013,240007,,
5015,240009,,
4827,240011,,
4832,240019,,
4833,240020,,
4834,240021,,
4842,240039,,
4843,240040,,
4846,240045,,
6097,240052,,
4847,240054,,
4854,240059,,
6099,232477,,
6761,241845,,
6100,240062,,
5017,240064,,
6104,240074,,
4855,240075,,
8251,242709,,
5020,240088,,
6109,240089,,
4904,240092,,
6120,240110,,
5022,240113,,
13582,244517,,
6125,240128,,
6126,240129,,
6130,240119,,
5030,240136,,
4856,240147,,
6133,240150,,
5032,240162,,
5035,240167,,
4906,240180,,
4858,240186,,
4861,240203,,
4863,240215,,
6143,240216,,
4873,240231,,
4916,240232,,
4875,240248,,
4877,240265,,
4881,240290,,
4911,240286,,
5407,240307,,
5408,240311,,
4919,240360,,
5412,240338,,
4920,240384,,
4922,240395,,
5041,240369,,
5048,240438,,
5419,240517,,
4932,240547,,
5423,240046,,
4935,240198,,
4937,240188,,
5625,240184,,
5626,240185,,
5628,240196,,
5632,239630,,
12593,243919,,
5433,239835,,
5435,240305,,
5680,239621,,
5443,240579,,
13189,244240,,
11626,243039,,
5446,239431,,
5448,238928,,
4942,240588,,
5682,240600,,
4943,240603,,
5450,239833,,
4945,240585,,
5454,240586,,
5739,240626,,
5456,240630,,
5573,240306,,
5587,240655,,
5859,240660,,
5591,240607,,
5595,240689,,
5863,240690,,
8214,242905,,
5870,240677,,
5872,240693,,
5599,240697,,
5874,240704,,
5742,240709,,
5605,240701,,
8284,242945,,
5607,240707,,
5608,240722,,
5612,240714,,
7025,242319,,
12118,243583,,
5614,240717,,
5615,240718,,
5616,240716,,
5620,240726,,
5621,240728,,
6509,241135,,
5641,240734,,
5642,240735,,
5645,240560,,
5684,233777,,
5800,240764,,
7933,242635,,
5747,236689,,
8158,242848,,
6886,241547,,
7894,242716,,
6153,240776,,
5669,240794,,
5672,240799,,
7717,242528,,
5690,240809,,
6209,240814,,
6211,237355,,
5697,240819,,
5698,237509,,
5699,240820,,
5708,240829,,
5712,240835,,
6214,240839,,
6158,240855,,
12496,243884,,
12497,243849,,
5721,240861,,
5724,240852,,
5726,240862,,
5727,240863,,
6219,240859,,
6221,240869,,
6159,240873,,
6160,240874,,
6175,240751,,
5731,240888,,
6272,240903,,
6229,240907,,
5733,240910,,
5750,240919,,
5753,240920,,
5761,240934,,
5764,240939,,
5767,240942,,
5768,240943,,
5775,240949,,
5778,240952,,
6179,240960,,
6180,240962,,
5780,240944,,
5811,240979,,
5885,240969,,
5813,240981,,
5814,240966,,
7201,241996,,
5888,240972,,
5826,240995,,
5889,240974,,
5829,240999,,
5784,241003,,
5788,241006,,
5830,241012,,
5793,241013,,
6232,241018,,
6235,241039,,
6236,240452,,
5841,241042,,
5857,241066,,
5858,241067,,
5899,241079,,
7865,242603,,
6185,241090,,
6188,237679,,
6191,241095,,
5913,241119,,
5910,241110,,
6484,241120,,
6485,241121,,
6492,241128,,
6498,241100,,
6499,241132,,
6244,241131,,
6247,241104,,
6253,241138,,
5915,238164,,
6197,241114,,
6199,241144,,
7480,242226,,
6206,241151,,
7427,242340,,
6256,241164,,
6257,241165,,
6258,238158,,
6507,241171,,
6261,241173,,
6520,241176,,
6523,241179,,
6275,241180,,
6276,241184,,
7034,242328,,
6513,241202,,
6266,237825,,
6528,241222,,
6529,234406,,
6292,241228,,
6298,241234,,
6547,241241,,
6303,241254,,
6304,241255,,
6306,241258,,
6309,241260,,
6321,241275,,
6328,241281,,
7558,238741,,
6531,241286,,
6335,241293,,
6338,241300,,
6339,241301,,
6333,241306,,
6342,241307,,
6343,241308,,
6344,241312,,
6349,241317,,
6537,241322,,
6350,241323,,
6352,241325,,
11819,243262,,
6363,241335,,
6369,241341,,
6372,241344,,
6538,241349,,
6542,241352,,
6374,241357,,
6375,241358,,
6378,241362,,
7676,242430,,
6607,241375,,
6610,241378,,
6613,241380,,
6666,241382,,
6667,241385,,
6669,241389,,
13348,244342,,
6730,241395,,
6615,241403,,
6616,241404,,
6617,241405,,
6619,241409,,
6392,241423,,
6854,241427,,
6856,241432,,
6623,241438,,
6627,241443,,
6630,241447,,
6635,241455,,
6861,241473,,
6869,241481,,
6670,241486,,
12050,243499,,
6643,241489,,
6644,241490,,
8021,242820,,
6649,241496,,
6875,241501,,
6876,241502,,
6877,241505,,
6879,241509,,
6676,241508,,
6680,241513,,
7730,242377,,
6885,241546,,
6887,241549,,
6652,241557,,
6796,241562,,
6896,241576,,
6655,241569,,
8273,242937,,
6899,241580,,
6661,241578,,
6901,241642,,
6902,241643,,
6906,241654,,
6909,241657,,
6910,241658,,
6690,241680,,
7714,236342,,
7044,241693,,
7048,241702,,
6700,241713,,
6701,237720,,
6702,241714,,
7062,241718,,
7067,241748,,
6713,241753,,
7080,241777,,
6727,241804,,
6750,241834,,
6755,241839,,
6758,241841,,
6765,241851,,
6769,241843,,
7150,241865,,
7153,241868,,
12910,244010,,
6811,241873,,
6771,241793,,
7184,241944,,
7163,241890,,
7166,241894,,
7169,241897,,
6779,241903,,
7831,242578,,
6783,241907,,
6785,241878,,
6816,241912,,
6817,233693,,
7170,241918,,
7173,241921,,
7175,241923,,
7271,241928,,
7272,241929,,
7275,241931,,
6823,241938,,
7176,241881,,
7177,241885,,
7183,241943,,
7186,241946,,
7187,241947,,
7191,241950,,
7192,241951,,
7195,241955,,
6827,241959,,
6828,241960,,
6834,241965,,
6835,241966,,
6922,241824,,
6923,241968,,
7281,241958,,
7203,242004,,
6924,242007,,
12956,244127,,
7222,242015,,
7226,242019,,
7229,242021,,
7230,242022,,
7296,242023,,
7232,242025,,
7234,242028,,
7300,242034,,
7302,242037,,
7305,242040,,
7308,242043,,
7309,242045,,
7243,236768,,
12195,243640,,
7247,242062,,
6844,242089,,
7397,242095,,
7398,242096,,
7453,242098,,
6845,242100,,
6848,242105,,
7467,242122,,
6850,242130,,
6851,242131,,
6853,242133,,
6925,242139,,
7266,242152,,
6934,242159,,
6936,242161,,
6942,242171,,
7327,242195,,
6950,242104,,
7329,242198,,
6952,242200,,
6956,242206,,
6967,242220,,
12488,243878,,
7346,236114,,
6969,240331,,
6971,242228,,
7352,242210,,
7358,242241,,
7360,235882,,
7362,242249,,
7363,242018,,
6995,242255,,
6997,242261,,
7001,242270,,
7010,242278,,
7013,242292,,
7014,242293,,
7408,242305,,
7022,242317,,
7023,239603,,
7027,242321,,
7416,242323,,
7417,242324,,
7033,242327,,
7036,242330,,
7510,242331,,
7428,242341,,
7431,242257,,
7438,242349,,
7439,242351,,
7440,242352,,
7670,242355,,
7443,242358,,
7444,242347,,
7445,242359,,
7493,242379,,
7494,242382,,
7733,242386,,
7737,234429,,
7506,242389,,
7507,242391,,
7508,242392,,
7509,242393,,
7514,242394,,
12688,243983,,
7518,242399,,
7520,231581,,
7789,242404,,
8139,235488,,
7749,242413,,
7790,242415,,
7674,242428,,
12623,243953,,
7763,242435,,
7764,242436,,
7787,242445,,
7788,242447,,
7546,242451,,
7549,242454,,
7551,242456,,
7847,242461,,
7906,242468,,
7689,242470,,
7695,242476,,
7702,242487,,
7706,242490,,
7708,242492,,
7910,242496,,
7712,242514,,
7918,242420,,
7849,242517,,
7854,242522,,
7856,242524,,
7857,242525,,
7718,242530,,
7720,242535,,
7924,242537,,
7723,242546,,
7794,242555,,
7797,242558,,
7800,242565,,
7801,242567,,
7803,242568,,
7804,242569,,
8127,242572,,
8128,242583,,
8132,242267,,
8620,242589,,
12911,244083,,
8621,242590,,
8622,242591,,
7866,242604,,
7930,241667,,
7973,242610,,
7980,242679,,
7975,242612,,
7976,242613,,
7978,242615,,
7823,242621,,
7824,242622,,
7934,242636,,
7840,242533,,
7873,242645,,
7876,242650,,
11865,243296,,
7878,242652,,
7957,242760,,
7939,242658,,
7941,242660,,
7942,242661,,
8138,242664,,
8189,242669,,
8190,242670,,
8193,242674,,
7979,242678,,
7962,242793,,
7954,233819,,
7983,242682,,
7986,242688,,
7987,242691,,
7989,242695,,
8246,242696,,
8248,242698,,
7990,242701,,
7890,242706,,
8257,234053,,
7898,242725,,
8140,242507,,
7901,242726,,
7944,242728,,
7902,242730,,
8197,242732,,
8264,231054,,
8198,242777,,
8319,242785,,
8327,242852,,
8315,242772,,
8338,242776,,
8205,242782,,
8302,242791,,
7997,242803,,
8002,242810,,
8003,242811,,
8005,242812,,
8004,242756,,
8006,242813,,
8007,242814,,
8009,239023,,
8207,242748,,
8016,242816,,
8019,242819,,
8144,242821,,
12307,243672,,
8322,242822,,
12454,243850,,
12164,243614,,
8151,242834,,
8154,242836,,
8342,242838,,
8345,242840,,
8157,242847,,
8325,242850,,
8326,242851,,
8350,242861,,
8164,242862,,
8414,242863,,
8416,242866,,
8418,242869,,
8419,242878,,
8171,242880,,
8172,233952,,
8174,242882,,
8329,242883,,
8330,242884,,
8332,242886,,
8176,242890,,
8179,242895,,
8212,242899,,
8334,242903,,
8335,242904,,
8215,242907,,
8223,242912,,
8351,242914,,
8423,242918,,
8306,234647,,
8352,242922,,
8274,242938,,
8235,239097,,
8276,242940,,
8278,232928,,
8280,242943,,
8426,231784,,
8308,242949,,
8359,242953,,
8286,242955,,
8288,242957,,
8337,242966,,
8433,242970,,
8431,242977,,
11703,242999,,
11600,243020,,
12529,243904,,
12904,244011,,
12843,244055,,
12951,244114,,
12664,243843,,
11586,242944,,
11595,243018,,
11599,240636,,
11603,243022,,
11608,243012,,
11609,236170,,
11614,243028,,
11633,243038,,
11635,243047,,
11655,243098,,
11663,231583,,
11678,243126,,
11683,243134,,
11687,243140,,
11690,243142,,
11693,243144,,
11694,233102,,
11696,243147,,
11697,243150,,
11713,243169,,
11718,243163,,
11725,243177,,
11736,243189,,
11746,243184,,
11747,243185,,
11754,243202,,
11757,243203,,
11759,243205,,
11783,243218,,
11791,243226,,
11792,243227,,
11796,243235,,
11803,233172,,
11808,243248,,
11813,243255,,
11821,243264,,
11822,243254,,
11828,243269,,
11829,243270,,
13482,244429,,
11863,243293,,
11866,243297,,
11887,243321,,
11894,243325,,
11902,243337,,
11915,243352,,
11923,243354,,
11924,243355,,
11925,243356,,
11930,243361,,
11936,243364,,
11938,243365,,
11941,243367,,
11952,243374,,
11954,243376,,
11958,243380,,
11960,243382,,
11968,243386,,
11969,243387,,
11971,243390,,
11973,243393,,
11977,243398,,
11978,243399,,
12657,243951,,
11984,243405,,
11988,243445,,
11994,243452,,
12008,243466,,
12023,243467,,
12024,243476,,
12026,243478,,
12032,243483,,
12047,243496,,
12051,243500,,
12068,243523,,
12082,243541,,
12087,243550,,
12090,243553,,
12096,243557,,
12097,243559,,
12108,243573,,
12110,243575,,
12111,243576,,
12115,243580,,
12119,243584,,
12121,243586,,
12122,243587,,
12131,243597,,
12132,243598,,
12137,243599,,
12151,243608,,
12165,243615,,
12170,243619,,
12176,243621,,
12177,243624,,
12178,243625,,
12181,243627,,
12189,243637,,
12213,243651,,
12214,243652,,
12225,243660,,
12227,243662,,
12242,243676,,
12252,243682,,
12301,243708,,
12308,243716,,
12316,243730,,
12317,243731,,
12362,243764,,
12364,243768,,
12374,243775,,
12375,243777,,
12376,243778,,
12377,243779,,
12379,243781,,
12386,243786,,
12389,243795,,
12393,243791,,
12394,243790,,
12411,243811,,
12424,243817,,
12427,243820,,
12429,243821,,
12431,243826,,
12443,243831,,
12450,243835,,
12453,243839,,
12458,243855,,
12459,243856,,
12460,243857,,
12466,243862,,
12499,243891,,
12519,243899,,
12535,242995,,
12566,243918,,
12588,243926,,
12591,243927,,
12602,243937,,
12606,243940,,
12607,243942,,
12610,243571,,
12611,243945,,
12613,243948,,
12697,243988,,
12712,243993,,
12714,243995,,
12736,244000,,
12749,244003,,
13194,244241,,
12762,244016,,
12782,244021,,
12786,244026,,
12797,244028,,
12799,244039,,
12827,244009,,
12840,244054,,
12852,244057,,
12858,244067,,
12860,244068,,
12861,244069,,
12886,244085,,
12888,244089,,
12889,244090,,
12936,244115,,
13033,244163,,
13143,244214,,
13181,244239,,
13190,244171,,
13219,241491,,
13447,244399,,
13584,244519,,
