nomina,experiencia,disciplina,empatia,liderazgo,seguridad,habilidad_tecnologica,habilidad_pedagogica,vocacion,relaciones_inter,curiosidad,normal_D,normal_I,normal_S,normal_C,motivacion_D,motivacion_I,motivacion_S,motivacion_C,presion_D,presion_I,presion_S,presion_C,Decision
800000,2,2,1,2,1,1,5,4,3,1,64,80,17,73,98,30,7,30,83,67,92,80,Yes
800001,5,3,5,5,4,5,4,5,4,5,35,15,26,93,16,47,72,64,2,9,50,48,Yes
800002,3,2,2,4,3,4,2,2,5,1,22,26,40,77,6,75,22,35,91,61,78,38,No
800003,4,1,1,4,3,3,1,4,1,4,79,59,69,41,23,82,75,43,31,57,80,36,No
800004,3,4,4,3,5,4,3,1,4,5,57,67,9,98,52,76,17,13,100,51,28,60,No
800005,0,1,5,1,5,3,4,3,3,4,11,46,93,77,22,31,50,80,10,44,38,37,No
800006,3,1,4,2,2,5,1,4,2,2,4,67,15,75,52,98,35,41,69,52,57,48,Yes
800007,0,5,1,5,1,4,5,4,3,2,72,80,77,62,39,67,93,40,36,90,14,50,No
800008,4,3,2,1,1,2,1,2,2,4,89,97,14,17,59,43,28,43,38,92,33,63,Yes
800009,3,1,1,1,5,2,1,1,1,5,58,54,9,25,45,87,22,83,63,27,19,19,No
800010,4,5,3,4,4,3,4,3,4,2,10,84,2,91,55,97,50,34,12,43,63,55,No
800011,4,5,4,2,1,1,5,1,3,1,50,39,15,53,100,76,24,45,25,66,12,94,No
800012,5,3,4,2,4,4,4,5,5,1,37,59,55,82,63,6,61,3,64,66,15,57,No
800013,5,4,5,2,4,4,5,2,3,5,49,70,84,62,79,81,32,83,12,54,30,1,Yes
800014,0,4,2,1,3,2,5,2,2,2,96,52,99,99,78,45,43,10,11,58,67,34,Yes
800015,3,2,3,2,4,3,2,2,1,2,83,46,3,11,57,7,12,97,43,89,78,33,No
800016,0,3,2,2,1,1,1,1,2,4,4,63,76,95,82,21,21,32,30,61,97,4,No
800017,3,4,3,5,1,1,3,1,1,2,87,99,24,72,98,96,39,73,74,22,91,53,Yes
800018,5,3,4,2,3,3,5,4,2,4,6,4,27,48,5,10,53,49,49,42,5,79,No
800019,2,4,4,3,3,5,2,4,3,5,96,74,45,41,34,24,66,34,29,57,41,88,No
800020,5,2,4,2,2,3,3,4,1,5,98,67,52,66,20,30,49,71,49,34,98,58,No
800021,5,3,2,2,4,4,2,1,5,4,83,3,5,44,4,77,58,87,22,8,93,31,No
800022,0,2,5,3,4,1,1,3,4,4,59,72,62,77,89,40,64,3,71,20,46,64,Yes
800023,1,2,1,5,4,5,4,1,4,5,46,48,69,49,85,23,81,74,30,3,37,94,Yes
800024,3,2,5,5,4,4,1,1,3,1,62,71,46,35,6,75,6,27,3,65,30,10,No
800025,5,2,4,4,4,1,4,4,4,1,32,99,82,66,24,9,18,87,56,18,59,37,Yes
800026,5,3,2,3,4,4,2,5,1,1,29,97,23,32,78,26,27,20,44,64,37,40,No
800027,2,5,4,2,4,5,3,5,3,1,22,23,2,47,49,70,21,67,55,40,15,64,Yes
800028,3,1,4,1,3,4,2,5,2,2,37,52,61,98,46,55,86,80,17,56,8,96,Yes
800029,0,1,4,5,2,1,3,4,1,5,17,73,30,9,73,91,3,20,7,61,21,95,No
800030,5,5,1,4,5,5,1,2,2,5,5,81,93,22,17,81,10,52,95,47,11,68,Yes
800031,3,4,2,3,2,4,4,1,4,4,74,1,53,51,56,96,72,100,56,48,40,86,No
800032,1,1,1,5,3,1,1,2,1,3,25,75,23,3,17,66,49,78,18,44,64,77,No
800033,3,4,4,3,5,3,1,2,4,2,25,57,62,76,97,49,46,51,49,32,68,19,Yes
800034,2,1,1,5,2,1,4,3,4,4,76,17,46,78,13,58,65,22,80,83,53,68,No
800035,3,4,4,3,3,1,3,5,3,3,7,50,34,56,72,4,53,81,38,80,43,37,Yes
800036,0,5,5,1,4,5,5,5,5,5,37,18,96,83,98,23,4,77,63,38,56,41,No
800037,3,1,5,3,2,2,1,1,1,4,88,66,59,1,56,48,59,94,97,9,69,47,No
800038,2,2,2,3,5,2,3,4,3,1,13,94,85,69,91,97,42,98,26,79,46,17,Yes
800039,0,5,1,4,5,5,5,2,5,4,38,32,98,43,30,45,56,53,46,43,81,34,No
800040,1,4,4,4,3,1,3,2,4,2,76,68,67,12,39,57,18,89,7,92,6,3,No
800041,0,3,2,1,4,3,5,3,4,4,50,56,28,11,45,1,3,28,97,76,83,47,No
800042,2,1,4,5,4,5,4,4,3,5,34,60,91,80,63,16,4,24,90,10,4,74,Yes
800043,4,2,5,3,1,1,1,3,3,4,41,79,60,42,57,75,80,72,90,69,78,66,No
800044,5,5,2,2,5,1,2,2,5,1,20,21,93,7,41,45,95,10,76,19,69,8,No
800045,5,5,2,3,4,2,2,3,5,1,55,75,81,10,10,76,22,10,90,76,61,97,No
800046,1,1,5,4,2,3,1,5,2,4,7,43,92,44,77,54,27,94,55,77,67,37,No
800047,3,2,4,4,5,1,1,3,3,5,32,17,96,52,46,68,14,83,69,42,81,67,Yes
800048,2,1,4,5,3,1,4,5,2,3,78,78,4,60,17,39,28,32,36,63,75,57,No
800049,1,2,5,1,3,4,1,4,3,2,15,66,6,79,43,40,27,83,50,22,64,15,Yes
800050,4,3,4,5,5,3,3,5,5,5,45,6,29,25,68,2,43,54,30,6,71,55,Yes
800051,5,1,4,1,4,2,5,3,5,3,6,24,76,38,26,88,27,88,7,69,10,45,Yes
800052,2,1,1,4,4,4,4,3,1,1,25,90,97,36,1,15,47,24,42,90,21,39,Yes
800053,3,1,1,1,3,2,2,3,1,3,63,71,10,64,91,28,12,95,90,94,27,12,Yes
800054,4,5,4,3,3,5,5,5,2,3,80,37,22,32,98,48,38,65,33,92,35,99,Yes
800055,2,1,5,2,3,2,3,2,4,4,67,10,79,41,60,56,66,15,64,26,61,74,No
800056,2,5,3,2,3,5,3,2,5,3,98,55,63,100,24,53,100,74,43,63,90,73,Yes
800057,0,5,4,1,4,1,4,4,1,5,51,62,66,67,67,23,49,62,100,35,97,64,No
800058,1,1,1,1,1,3,3,5,5,3,5,23,14,19,62,77,22,98,35,18,1,92,Yes
800059,0,2,2,1,3,2,1,4,2,5,73,15,85,33,89,97,73,3,49,20,74,63,No
800060,1,5,2,3,3,1,4,1,2,2,52,66,50,84,71,33,34,76,34,57,80,50,Yes
800061,3,2,2,1,5,4,1,1,2,4,6,2,22,29,56,40,82,13,88,86,38,90,Yes
800062,0,3,1,5,3,4,3,2,3,4,12,5,60,39,99,78,63,60,63,71,98,53,No
800063,3,4,3,4,1,4,1,1,1,4,89,20,56,1,13,60,30,83,34,33,32,83,No
800064,0,3,3,2,3,5,4,2,3,4,23,54,87,63,31,43,79,35,66,80,29,40,Yes
800065,4,3,4,1,3,3,2,3,4,4,17,66,45,71,59,14,34,42,34,17,81,90,Yes
800066,4,5,1,2,4,4,1,3,2,4,39,43,42,39,79,98,44,25,41,41,20,53,Yes
800067,4,5,3,2,5,4,4,2,4,4,34,46,94,19,15,20,2,10,2,10,49,97,No
800068,3,4,4,4,4,4,3,2,1,2,68,99,53,8,73,42,60,14,63,88,48,15,No
800069,3,1,4,5,2,5,4,4,3,2,80,76,46,54,34,57,13,47,12,1,39,91,Yes
800070,2,4,3,3,5,2,3,5,2,3,53,40,42,92,4,45,41,74,93,67,19,52,No
800071,3,3,1,4,4,1,3,2,1,2,2,70,14,41,57,8,59,6,76,6,19,77,No
800072,2,3,5,1,5,3,1,3,4,3,33,36,14,33,95,93,34,94,40,78,92,3,No
800073,4,2,3,2,2,3,2,4,2,3,82,63,29,23,1,21,45,70,22,15,77,59,No
800074,4,1,2,3,2,4,5,5,5,3,70,72,49,68,50,38,91,56,38,13,60,61,No
800075,5,5,2,5,3,4,2,1,4,4,24,36,54,36,83,54,61,95,72,57,69,76,Yes
800076,5,3,5,1,5,4,1,2,1,4,17,57,63,37,33,69,77,27,71,81,22,95,Yes
800077,3,3,1,5,5,1,1,5,2,3,14,56,63,3,56,70,54,50,80,74,68,18,Yes
800078,2,1,3,3,1,1,5,2,2,3,46,8,26,59,63,9,38,47,46,96,94,64,No
800079,0,3,5,2,3,4,2,3,2,5,30,9,74,64,71,75,87,100,42,92,77,53,Yes
800080,5,1,1,3,3,4,4,2,3,4,56,74,13,99,33,65,10,29,62,17,84,55,No
800081,3,2,2,3,2,5,2,4,5,1,100,79,100,41,95,2,82,35,80,17,54,3,Yes
800082,2,2,5,1,2,2,2,4,4,3,44,63,6,49,46,82,55,26,62,86,100,90,Yes
800083,3,1,3,4,1,1,5,2,5,2,4,4,89,96,74,32,49,6,59,75,81,73,Yes
800084,5,4,1,1,3,2,5,1,3,1,26,98,19,76,82,6,43,2,40,60,21,30,No
800085,3,2,3,1,3,2,4,4,5,1,54,27,8,84,62,93,100,19,11,5,23,8,No
800086,5,5,3,5,4,4,4,1,1,5,66,4,6,84,83,34,96,4,92,65,43,82,No
800087,4,4,5,4,4,2,3,5,3,1,31,85,94,5,72,89,1,93,80,77,15,42,Yes
800088,1,3,4,3,5,5,3,3,5,4,60,82,46,43,78,93,18,54,89,53,11,65,Yes
800089,3,4,4,1,4,5,1,2,3,1,88,46,29,54,22,18,42,43,71,6,87,44,Yes
800090,0,2,2,3,3,2,3,4,2,1,97,63,15,14,4,13,20,83,36,42,31,76,No
800091,2,1,3,5,1,3,1,1,5,1,81,15,60,89,32,4,61,37,98,75,7,26,No
800092,4,2,4,1,2,5,1,3,2,1,52,45,64,41,68,86,40,32,93,77,92,94,No
800093,2,2,4,1,3,2,5,5,5,5,1,59,9,26,100,26,7,66,89,95,69,90,Yes
800094,5,1,5,2,3,5,5,5,3,4,1,46,71,1,76,48,92,4,91,4,85,51,Yes
800095,4,3,3,1,4,4,2,1,4,2,43,96,95,41,69,9,12,39,56,3,5,21,No
800096,3,4,3,3,1,1,4,3,1,3,26,11,23,51,5,81,7,19,51,83,95,90,Yes
800097,4,5,2,2,5,3,4,5,2,3,98,69,70,63,94,70,94,43,83,85,3,47,No
800098,1,3,3,4,4,2,4,3,1,2,14,93,21,93,41,66,92,99,96,35,32,35,No
800099,3,4,5,1,3,3,4,2,3,3,92,29,10,50,54,78,86,97,49,20,40,88,No
800100,1,3,5,5,3,5,4,2,4,5,28,57,6,81,18,72,53,95,92,55,11,89,Yes
800101,5,3,5,1,3,1,4,3,1,3,82,62,65,14,50,27,21,15,95,66,69,40,No
800102,3,2,3,5,1,3,5,4,2,4,46,45,36,91,19,100,90,15,68,30,52,62,Yes
800103,2,4,2,4,4,5,2,4,4,2,29,69,44,77,80,3,78,7,87,98,98,91,Yes
800104,4,5,3,1,4,5,5,2,5,1,1,38,7,75,93,54,79,63,11,34,75,41,Yes
800105,1,4,3,2,5,5,3,1,1,5,91,74,75,55,6,73,95,30,13,2,94,38,No
800106,1,1,2,1,1,3,4,2,1,2,69,78,35,31,36,47,58,34,49,58,45,90,No
800107,1,4,5,2,2,1,5,4,1,4,51,24,16,63,95,100,3,15,48,87,95,14,Yes
800108,4,4,3,1,1,5,5,4,3,1,91,41,41,1,10,18,78,86,30,17,27,32,No
800109,1,4,4,2,3,3,1,4,4,3,2,59,31,69,10,57,88,16,76,44,4,99,No
800110,0,3,2,5,1,4,5,3,4,4,40,18,12,12,94,66,7,92,83,56,11,16,No
800111,5,1,2,4,4,2,1,4,5,3,78,11,19,83,25,34,41,84,24,29,14,51,No
800112,4,5,4,1,1,1,2,1,4,1,84,100,29,92,77,95,100,74,83,17,30,97,Yes
800113,4,1,5,2,5,5,4,2,5,2,80,22,26,84,32,93,87,35,8,66,17,86,Yes
800114,4,5,1,5,5,4,2,3,5,3,21,96,8,88,71,17,11,28,17,44,56,6,No
800115,3,3,4,1,2,5,4,4,2,1,1,70,54,58,28,30,1,7,98,67,93,32,Yes
800116,4,4,1,5,2,1,1,3,2,1,70,31,3,21,25,95,46,48,61,12,38,15,No
800117,5,1,1,3,4,4,5,5,3,4,5,44,30,45,83,82,62,26,50,66,86,69,Yes
800118,4,2,2,3,5,5,3,3,1,3,66,25,51,2,66,88,84,65,58,48,70,27,No
800119,3,4,3,3,1,1,3,1,1,4,43,50,55,12,100,83,39,67,86,25,27,63,No
800120,4,4,4,1,3,3,5,5,2,3,77,48,83,37,84,21,97,18,29,96,66,83,Yes
800121,0,5,1,5,5,5,4,1,5,3,6,84,60,89,22,31,82,66,24,97,59,5,Yes
800122,5,3,2,4,2,2,3,5,4,5,19,63,24,19,54,62,20,57,91,45,7,59,Yes
800123,0,1,5,2,2,4,2,1,1,5,99,51,7,66,90,54,39,82,8,90,50,99,No
800124,1,1,5,4,5,1,5,5,5,5,36,77,34,84,66,19,47,16,78,14,27,11,No
800125,3,2,3,3,2,3,3,2,4,5,16,54,44,32,84,19,24,78,20,10,86,24,Yes
800126,1,5,2,4,4,4,1,2,2,5,33,62,76,42,70,42,58,90,12,41,19,82,No
800127,3,2,2,2,1,4,3,3,4,4,3,68,88,50,22,51,57,59,11,50,83,51,No
800128,2,2,5,4,3,4,3,2,1,3,94,80,52,46,36,69,18,68,9,36,20,18,Yes
800129,0,5,2,1,5,1,1,4,2,4,50,88,28,49,53,22,92,91,88,37,67,83,No
800130,3,5,3,1,1,4,4,3,1,2,66,38,65,97,60,51,100,57,81,57,92,81,Yes
800131,3,2,3,5,1,5,4,3,3,1,71,73,74,34,42,56,65,71,10,62,74,57,No
800132,0,2,5,4,5,1,2,2,4,5,76,43,12,84,47,46,63,19,77,98,7,99,No
800133,5,4,4,5,1,2,1,2,4,2,47,46,3,68,37,91,3,64,12,91,65,48,Yes
800134,3,5,5,3,5,5,3,2,1,4,5,36,89,100,67,67,12,58,79,96,77,47,Yes
800135,2,1,2,3,2,1,2,1,2,4,89,64,38,26,70,81,75,86,56,18,75,88,Yes
800136,1,3,1,4,5,4,4,2,2,5,47,88,14,74,82,7,72,46,65,10,12,44,No
800137,5,2,4,3,3,4,1,2,2,2,23,39,67,8,88,90,57,40,7,71,22,57,Yes
800138,3,2,1,5,2,4,5,5,2,2,3,67,35,74,46,75,12,55,3,54,79,70,No
800139,1,1,3,2,4,4,3,5,1,3,76,22,44,99,6,60,48,20,55,24,36,62,No
800140,4,2,1,1,4,4,3,1,4,4,59,56,100,75,40,46,42,81,70,54,33,14,No
800141,0,2,3,5,2,3,1,3,3,2,59,3,15,37,51,5,54,75,7,26,61,96,No
800142,5,1,4,2,4,1,3,5,4,1,96,59,16,31,50,97,88,20,35,74,6,73,No
800143,2,5,1,5,5,5,3,4,4,5,54,56,20,4,37,87,61,46,75,1,2,77,No
800144,0,2,2,5,1,5,4,3,2,1,50,40,6,39,8,13,70,64,8,77,55,73,No
800145,5,1,1,5,4,3,2,2,3,1,13,41,35,81,38,23,35,98,48,31,75,27,No
800146,1,4,5,4,5,1,1,1,2,5,73,75,57,5,95,80,80,91,64,21,11,95,Yes
800147,4,1,3,3,5,3,1,2,3,4,22,46,66,70,20,47,93,49,6,3,83,32,No
800148,5,2,1,4,5,1,5,3,1,4,95,54,100,36,83,69,92,63,42,2,17,58,Yes
800149,4,2,2,1,1,4,4,2,1,3,83,21,62,45,40,58,48,57,72,48,31,58,No
800150,1,4,4,1,5,4,1,4,4,5,25,76,8,20,40,48,24,5,46,23,97,77,No
800151,1,5,4,1,2,3,3,4,2,1,63,46,39,92,11,39,35,9,84,94,97,30,Yes
800152,4,5,4,4,3,5,2,2,4,2,51,42,94,25,23,70,21,94,70,60,98,97,Yes
800153,1,5,2,2,4,5,1,1,2,5,31,57,14,72,18,87,36,24,3,47,95,9,No
800154,1,4,3,2,1,2,5,3,3,3,68,3,32,31,100,1,73,92,62,91,42,80,Yes
800155,2,1,1,1,4,5,4,3,1,5,72,98,26,13,37,84,64,43,12,50,17,61,Yes
800156,1,4,3,2,1,4,4,3,3,5,96,38,32,97,1,85,14,46,50,16,28,52,Yes
800157,2,1,4,4,1,4,1,3,5,3,6,46,88,51,29,40,8,38,18,71,65,97,No
800158,0,5,5,3,5,2,4,1,5,2,31,89,1,85,81,69,12,93,46,48,2,93,No
800159,1,1,3,2,5,2,3,1,2,3,44,4,77,98,55,97,67,17,94,62,5,40,Yes
800160,1,1,4,3,2,5,5,1,3,1,47,17,37,99,13,14,85,38,33,95,91,67,Yes
800161,4,1,2,5,2,4,2,4,1,3,16,40,41,57,67,99,89,50,95,40,99,15,Yes
800162,0,4,4,1,2,2,4,3,4,5,84,58,46,52,21,76,91,9,20,58,23,40,No
800163,2,1,2,5,2,2,3,3,1,1,3,13,30,65,75,66,79,46,10,23,91,95,Yes
800164,1,2,2,1,5,1,5,4,2,1,10,43,78,25,62,24,22,84,58,82,23,42,Yes
800165,3,4,3,5,4,4,4,1,3,1,75,24,62,44,49,53,28,80,30,3,84,13,Yes
800166,1,5,2,1,2,3,1,4,5,1,93,84,49,67,86,54,59,37,83,95,92,34,No
800167,0,1,3,3,4,5,3,1,3,4,26,99,90,14,48,87,64,6,24,87,47,50,Yes
800168,4,1,4,3,5,3,4,3,4,2,55,86,42,64,58,27,61,34,63,32,54,56,No
800169,2,5,4,4,5,4,3,3,2,4,7,63,81,33,49,9,64,58,44,92,63,75,No
800170,1,2,3,5,3,4,2,3,4,1,38,92,21,43,38,92,4,75,60,32,58,68,Yes
800171,1,5,1,3,2,4,4,3,1,2,78,8,66,9,96,99,79,82,99,97,74,6,Yes
800172,2,2,4,1,1,4,1,4,2,3,81,47,13,76,43,2,26,2,59,21,21,83,Yes
800173,4,5,1,2,5,5,4,1,3,1,20,8,42,13,3,66,10,56,31,70,75,45,No
800174,2,1,5,5,2,3,4,4,1,3,35,88,96,20,48,34,95,10,77,87,93,19,No
800175,4,4,4,4,4,3,2,2,2,4,14,18,27,37,12,68,46,56,77,65,10,75,No
800176,5,5,4,3,1,4,2,1,4,3,57,66,95,25,91,36,14,33,4,66,46,93,Yes
800177,0,1,4,1,5,2,2,2,1,4,35,19,21,58,40,48,9,82,64,47,57,2,Yes
800178,2,4,2,4,3,3,5,4,2,5,19,32,7,80,48,16,15,77,18,78,85,58,No
800179,3,3,3,5,2,4,5,5,1,5,13,7,83,70,31,15,87,73,60,12,56,80,Yes
800180,2,2,5,2,4,5,3,4,3,4,70,72,72,93,44,10,58,96,70,45,16,100,No
800181,5,3,2,4,2,4,4,1,2,5,13,92,6,84,39,17,78,83,24,37,89,77,No
800182,3,3,4,2,2,5,2,2,2,2,48,7,75,47,53,52,35,19,100,50,64,98,No
800183,4,5,2,4,5,5,1,5,3,1,80,14,28,15,76,97,77,52,44,56,99,92,Yes
800184,0,5,1,3,3,2,5,3,5,1,85,37,21,30,27,8,12,83,25,71,47,41,Yes
800185,0,1,2,3,3,4,1,4,3,1,43,18,100,7,1,70,81,9,39,64,64,61,No
800186,1,1,5,5,3,1,1,5,4,5,11,13,70,42,82,46,16,24,52,69,6,67,Yes
800187,3,4,4,1,5,1,1,3,5,5,57,71,93,16,89,96,8,85,31,49,24,50,No
800188,0,4,5,5,4,4,1,3,3,3,77,47,8,2,16,67,14,63,36,77,28,39,No
800189,4,2,1,4,2,2,4,5,2,4,76,51,34,76,78,98,57,63,63,18,52,2,No
800190,2,1,2,5,2,2,4,2,5,3,19,37,76,29,28,16,41,90,77,32,13,48,Yes
800191,3,1,5,4,1,1,1,1,1,5,37,5,49,84,42,24,40,73,48,52,75,45,Yes
800192,3,2,5,2,3,3,5,5,4,2,72,94,74,20,46,9,85,46,14,91,16,51,Yes
800193,0,5,4,5,2,5,4,4,2,1,11,27,98,44,32,38,23,68,84,67,63,82,No
800194,2,1,2,1,1,4,4,3,1,5,96,93,36,19,53,66,50,42,36,66,36,14,No
800195,1,5,3,2,5,3,1,4,1,2,63,62,57,98,24,5,7,20,58,83,59,64,No
800196,4,1,3,2,1,2,3,2,4,4,68,42,55,45,79,1,73,39,62,88,42,15,Yes
800197,2,4,4,3,2,5,5,5,2,3,18,85,46,23,23,88,97,32,19,53,31,17,Yes
800198,5,5,1,2,3,4,2,2,4,2,23,87,87,66,65,48,35,12,48,20,53,39,No
800199,4,4,4,2,5,5,1,5,3,2,15,83,8,87,65,2,86,83,58,90,67,54,No
800200,5,5,1,4,2,5,4,4,1,4,14,8,73,83,40,91,83,6,14,43,37,97,No
800201,3,4,4,5,2,5,1,2,2,1,22,43,4,68,74,64,3,66,32,83,34,71,Yes
800202,2,2,3,3,4,2,2,3,5,4,9,51,64,75,54,29,18,80,47,62,67,90,Yes
800203,4,1,5,2,3,5,1,4,3,3,82,31,22,77,83,95,91,62,93,34,33,55,No
800204,4,2,2,4,3,3,2,3,4,1,52,35,71,96,20,78,25,52,70,13,56,38,No
800205,1,4,4,4,2,4,2,2,2,2,100,61,19,8,55,16,71,49,95,74,68,85,No
800206,0,4,3,1,4,2,3,1,3,4,51,35,47,41,71,10,66,81,54,96,98,36,Yes
800207,5,1,2,3,1,4,5,5,1,4,21,22,60,49,81,91,93,9,29,61,97,64,Yes
800208,1,2,5,3,2,5,1,3,3,3,91,95,61,6,44,98,50,37,48,2,40,19,No
800209,0,5,4,5,3,2,4,5,3,4,100,3,41,69,90,73,22,30,61,73,66,63,No
800210,2,2,1,4,4,1,5,5,4,1,7,97,84,16,72,24,24,1,72,9,34,1,No
800211,1,2,4,1,1,4,1,5,4,2,92,22,12,2,69,23,88,19,78,70,30,42,Yes
800212,2,2,1,4,3,4,2,4,1,3,10,31,54,14,57,12,76,30,51,90,36,75,Yes
800213,4,1,3,2,5,3,3,5,1,1,42,3,13,89,45,100,20,76,20,95,51,45,No
800214,5,4,5,2,2,4,3,1,4,1,28,69,97,50,81,23,71,26,3,59,48,74,No
800215,0,4,4,3,3,4,5,1,1,2,3,42,24,66,99,49,96,85,54,21,25,15,Yes
800216,2,1,5,5,2,5,3,4,5,2,92,42,57,29,78,91,53,11,47,6,22,2,Yes
800217,5,4,4,2,3,4,2,1,1,1,99,46,72,3,53,36,14,99,73,6,69,23,Yes
800218,2,1,2,5,2,5,3,3,3,2,72,60,13,55,92,62,34,51,1,60,2,77,No
800219,0,2,3,1,2,3,4,2,3,5,60,99,52,96,71,45,63,99,16,19,66,100,Yes
800220,0,4,4,2,5,5,4,1,1,2,61,44,51,33,30,69,90,12,24,96,44,37,Yes
800221,0,3,2,2,3,2,3,5,2,3,29,8,45,6,26,32,18,54,29,40,98,81,Yes
800222,3,2,5,1,1,4,4,5,2,3,81,72,66,15,97,96,23,97,5,84,4,61,Yes
800223,5,3,2,3,1,2,2,5,4,2,10,7,87,15,18,93,2,83,60,75,37,12,Yes
800224,4,2,4,4,4,2,5,1,2,2,57,33,53,38,94,2,72,66,49,92,31,55,Yes
800225,5,5,1,4,3,3,1,2,5,4,78,93,2,85,6,3,12,98,48,87,15,40,No
800226,2,5,3,4,4,5,1,3,3,5,10,37,56,94,70,84,21,93,81,13,36,83,No
800227,0,4,1,3,2,4,1,5,1,1,31,92,67,41,95,75,33,15,98,40,26,58,Yes
800228,1,2,1,4,2,4,2,2,5,1,80,55,95,47,9,72,82,99,40,11,32,83,Yes
800229,0,5,4,5,3,2,5,3,1,4,12,44,94,33,41,34,56,68,82,27,14,68,No
800230,4,5,2,4,1,2,1,3,1,5,87,61,14,67,51,98,80,89,49,10,64,4,Yes
800231,0,2,4,3,1,1,5,1,4,3,68,60,10,22,96,59,93,19,66,58,40,56,Yes
800232,5,1,3,2,5,4,1,4,1,2,31,84,55,77,1,87,5,81,42,2,27,56,Yes
800233,0,5,2,3,3,4,5,2,1,1,73,96,17,55,34,100,60,47,16,43,23,88,Yes
800234,0,4,1,4,3,4,1,5,2,3,71,28,92,64,63,12,22,96,1,23,95,84,Yes
800235,2,1,5,2,1,5,2,5,2,4,90,79,44,75,67,86,50,16,81,54,10,61,No
800236,1,3,2,2,1,5,4,1,1,3,20,26,58,99,44,54,62,75,38,8,47,29,Yes
800237,2,2,1,2,4,5,3,3,5,5,83,54,90,98,24,55,27,53,37,66,20,65,No
800238,2,1,5,3,2,4,1,5,3,1,29,88,72,68,7,66,14,100,86,89,67,46,No
800239,0,1,2,2,4,1,2,4,2,5,63,87,18,100,57,51,6,87,14,12,65,27,No
800240,0,3,1,2,4,1,5,1,2,1,49,51,30,74,65,98,42,64,9,21,92,57,Yes
800241,3,3,4,2,1,5,3,4,4,4,77,33,53,72,86,54,96,84,14,39,3,92,Yes
800242,3,2,2,5,5,5,4,4,4,4,20,60,62,8,47,34,100,14,88,66,93,80,No
800243,5,2,5,5,2,3,3,4,5,5,49,92,31,79,26,78,78,36,7,35,84,91,Yes
800244,0,2,3,2,4,5,3,1,4,3,15,16,55,43,75,3,98,14,69,44,16,40,Yes
800245,0,4,4,4,2,5,1,3,5,2,64,1,47,29,28,71,45,60,21,83,42,55,Yes
800246,0,5,2,4,1,5,2,4,5,4,69,59,98,57,93,100,11,1,40,16,4,66,No
800247,3,4,1,5,5,1,1,2,2,1,1,6,48,7,75,97,97,49,70,51,17,36,Yes
800248,5,5,4,3,5,4,3,1,4,1,55,96,30,87,21,35,90,80,41,98,93,99,No
800249,5,3,1,5,5,1,4,2,5,1,64,45,66,19,76,49,15,10,77,18,33,21,No
800250,0,3,4,1,2,4,2,4,1,1,14,63,25,90,48,41,34,40,87,42,72,85,No
800251,1,3,5,1,3,4,3,5,5,1,94,63,98,33,100,82,12,36,46,79,16,94,Yes
800252,3,1,3,2,2,4,2,3,4,4,62,64,1,61,99,13,54,68,91,6,69,18,Yes
800253,2,1,1,5,5,3,5,5,5,2,4,53,4,94,41,71,84,55,19,49,8,59,No
800254,3,2,5,5,3,1,5,4,4,4,30,75,39,60,49,44,27,89,63,95,84,91,No
800255,5,1,3,1,5,4,4,2,5,4,38,63,47,23,10,5,84,2,53,79,94,39,No
800256,2,2,5,3,1,4,2,3,4,2,20,30,6,88,77,6,30,4,39,1,85,49,No
800257,1,3,5,4,3,3,1,3,5,4,91,31,67,15,3,24,86,100,84,15,75,56,Yes
800258,3,5,3,5,1,2,4,3,3,5,87,48,61,11,69,33,95,29,47,78,78,61,Yes
800259,2,1,3,4,2,1,3,5,1,1,61,98,37,66,61,61,95,20,2,18,37,34,Yes
800260,5,1,4,1,1,3,4,5,3,3,16,56,61,5,1,40,42,87,99,34,91,68,Yes
800261,4,5,4,3,3,5,3,2,3,3,28,79,79,71,93,98,94,58,39,32,81,34,Yes
800262,5,1,5,3,2,3,5,4,3,3,44,91,89,81,79,98,28,74,50,56,44,75,Yes
800263,0,3,3,4,3,3,5,4,5,2,61,96,67,52,15,93,13,9,84,1,84,59,No
800264,2,4,3,5,5,1,5,4,1,1,38,10,94,65,9,99,29,86,12,37,26,66,No
800265,2,3,1,4,1,3,5,5,2,3,6,17,69,37,54,7,53,77,93,14,11,10,Yes
800266,5,1,4,1,3,5,5,3,1,1,99,83,24,55,1,55,18,5,69,14,49,93,Yes
800267,5,5,3,4,4,3,4,5,1,2,62,16,19,71,89,26,69,9,94,2,74,77,No
800268,4,4,1,4,2,1,4,5,1,1,10,50,5,63,43,100,88,41,59,11,61,68,Yes
800269,2,2,5,1,5,4,2,5,1,2,12,85,25,3,24,79,86,20,66,53,35,33,No
800270,3,2,5,5,5,5,2,4,2,1,3,99,22,7,28,20,89,33,89,96,43,53,No
800271,2,3,1,5,2,5,3,5,5,2,31,29,31,52,29,42,72,86,63,10,41,62,Yes
800272,2,3,3,2,2,3,2,5,3,2,54,33,88,22,31,53,99,68,74,90,80,35,No
800273,1,1,4,2,1,2,2,5,1,5,58,76,28,73,12,50,55,79,89,6,24,37,Yes
800274,2,3,1,3,1,3,2,4,2,1,49,99,22,82,74,63,25,86,33,46,80,63,No
800275,1,1,4,2,2,3,1,2,2,2,16,26,72,79,100,51,33,74,68,48,64,80,No
800276,4,2,3,4,2,1,2,5,3,3,10,35,23,65,5,3,37,95,15,97,17,44,No
800277,5,4,2,5,2,5,5,3,3,2,3,80,32,40,43,42,42,72,83,80,13,87,No
800278,5,4,3,4,2,4,4,2,3,4,97,28,85,99,6,41,99,79,33,80,9,70,No
800279,5,3,2,4,4,4,2,1,5,1,95,2,7,67,52,100,96,8,95,8,50,37,No
800280,4,5,1,5,1,4,2,4,1,3,56,95,94,50,74,33,94,43,69,36,21,72,Yes
800281,4,2,1,4,1,5,3,4,2,2,68,31,84,88,2,50,54,75,51,1,42,16,Yes
800282,5,5,4,5,3,3,4,5,1,2,1,86,68,38,84,24,85,24,67,66,89,68,Yes
800283,3,2,3,4,5,3,1,2,3,1,79,4,41,61,19,86,76,19,78,48,32,12,No
800284,5,5,4,3,4,4,1,5,5,3,72,43,7,72,13,68,10,48,24,25,88,75,No
800285,4,5,2,5,4,1,2,1,4,5,51,7,58,2,85,59,9,65,10,2,8,83,No
800286,2,1,4,5,2,5,2,3,1,3,40,55,42,77,2,7,2,34,13,20,34,39,No
800287,1,4,5,1,3,3,4,1,4,3,100,82,30,91,72,12,99,63,41,42,91,74,No
800288,4,2,2,2,3,5,4,3,2,1,11,21,88,62,81,41,71,1,85,63,13,35,Yes
800289,0,3,2,5,3,2,4,1,4,5,79,6,9,88,95,8,58,77,37,57,2,66,No
800290,0,2,1,4,5,4,5,2,3,1,98,96,84,74,48,73,33,74,58,27,37,46,Yes
800291,2,3,5,2,1,5,2,3,5,3,49,43,76,71,75,98,78,95,58,65,59,44,No
800292,1,3,3,3,5,1,4,3,5,5,23,28,59,75,14,83,42,38,81,87,3,37,No
800293,1,3,3,2,2,5,3,2,2,5,87,26,1,64,93,45,25,25,75,31,74,85,No
800294,4,2,3,2,4,4,4,1,5,3,34,45,46,37,85,80,46,99,39,19,59,72,Yes
800295,3,3,2,3,5,5,4,1,4,4,2,91,86,37,90,69,53,86,90,100,77,5,Yes
800296,2,2,5,3,3,2,1,5,1,4,79,83,100,77,14,55,82,64,30,88,49,66,No
800297,1,4,4,1,2,1,3,5,2,2,100,21,37,53,85,94,71,57,28,99,69,5,No
800298,1,3,5,3,3,3,2,1,4,3,78,7,66,33,10,8,72,76,22,75,86,99,Yes
800299,5,2,2,5,5,4,4,1,5,5,99,94,10,76,75,33,62,60,37,27,42,3,Yes
800300,3,4,5,4,3,3,3,3,4,3,29,11,5,38,61,87,69,3,20,37,17,80,Yes
800301,4,4,2,1,2,2,3,1,2,5,83,64,60,44,76,90,77,55,42,29,59,32,No
800302,4,2,5,3,4,1,1,1,3,2,88,82,47,11,68,68,29,51,51,49,53,50,Yes
800303,3,2,5,2,3,2,3,5,1,1,38,33,56,15,4,83,81,53,61,54,34,3,No
800304,1,2,4,5,1,1,5,2,4,1,28,48,78,63,52,27,36,78,58,62,92,44,Yes
800305,0,5,1,2,5,2,2,5,1,2,59,68,60,86,15,35,69,42,41,11,76,67,Yes
800306,2,5,5,5,1,4,5,1,3,1,70,32,34,99,18,38,7,93,24,52,73,90,No
800307,2,5,5,1,3,3,5,5,2,2,52,63,49,85,76,97,87,79,32,2,84,81,No
800308,3,1,1,3,1,5,1,2,4,2,35,26,73,23,54,17,64,18,21,80,72,3,No
800309,5,5,4,2,4,2,1,4,4,3,89,88,83,53,47,53,69,4,77,56,15,39,No
800310,4,3,1,2,4,4,1,5,1,3,96,63,46,53,100,91,99,63,28,29,64,30,Yes
800311,1,2,1,5,1,4,3,5,5,5,39,71,88,73,20,44,37,39,74,92,30,70,No
800312,4,3,2,1,4,1,2,4,3,4,82,34,99,17,6,69,28,13,14,11,100,15,Yes
800313,5,2,2,2,2,2,5,4,5,1,3,5,45,30,96,38,80,82,98,29,39,71,Yes
800314,1,2,4,3,5,1,1,3,1,1,99,93,89,70,77,57,6,65,24,23,46,13,Yes
800315,4,1,5,2,3,4,2,3,4,5,38,58,17,23,61,97,85,81,46,78,30,72,No
800316,3,2,3,5,1,3,1,1,4,2,49,98,66,58,22,32,58,6,77,50,92,89,No
800317,1,5,5,3,5,1,4,2,3,2,1,98,64,41,15,49,60,7,38,30,82,18,No
800318,2,1,4,5,4,3,2,4,2,5,71,63,85,92,12,71,37,93,60,18,71,25,Yes
800319,0,5,3,2,5,2,2,5,2,1,36,96,94,51,78,87,82,70,98,88,52,65,No
800320,2,1,2,4,1,2,4,4,2,2,44,65,96,63,10,54,80,43,49,74,95,73,No
800321,1,1,1,1,4,2,2,4,4,1,93,24,57,92,72,30,69,89,62,2,75,18,No
800322,0,5,3,3,2,1,2,5,4,3,100,24,57,98,100,73,43,99,40,61,29,33,Yes
800323,0,2,4,3,1,2,2,2,4,5,89,5,15,62,26,67,39,18,58,26,38,1,No
800324,4,4,2,2,2,3,1,3,5,5,20,41,65,98,59,15,1,40,13,3,96,9,Yes
800325,4,2,5,3,1,1,2,5,5,4,37,17,43,27,53,91,61,65,28,51,84,91,Yes
800326,1,1,2,4,4,2,1,3,1,3,7,28,92,89,5,41,90,67,15,87,77,98,No
800327,0,1,5,4,2,4,2,3,5,2,26,38,85,53,56,16,19,60,95,36,1,76,No
800328,2,1,2,1,3,4,1,2,1,3,9,88,95,71,32,46,69,59,25,13,41,87,No
800329,5,5,2,5,1,4,2,5,2,2,65,76,18,9,3,81,51,41,32,80,61,88,Yes
800330,0,5,1,3,4,2,5,1,1,1,55,100,89,10,69,60,50,7,25,49,71,75,Yes
800331,4,2,2,5,3,5,1,2,2,4,60,67,64,28,87,82,73,28,94,25,61,4,No
800332,1,2,3,3,3,1,4,5,1,4,35,80,28,56,88,46,92,82,93,6,2,18,Yes
800333,4,4,2,4,5,1,2,3,5,3,83,64,28,42,29,47,73,1,81,75,74,91,No
800334,2,2,3,3,2,5,5,4,2,1,60,40,41,19,95,78,73,87,17,98,99,44,Yes
800335,3,2,3,3,1,3,1,2,5,1,7,43,88,72,88,3,59,45,68,92,45,29,Yes
800336,3,1,2,4,3,3,1,1,5,5,65,64,82,98,76,95,8,36,26,80,82,87,Yes
800337,5,4,1,5,1,2,3,1,5,2,22,30,76,84,90,47,72,68,100,3,21,21,Yes
800338,0,5,5,3,4,1,3,2,2,4,34,2,85,62,76,76,9,71,44,61,10,11,No
800339,5,5,3,3,1,4,1,5,1,1,52,9,48,53,37,82,59,95,17,74,61,41,Yes
800340,1,2,2,1,1,3,2,3,3,4,3,26,50,36,48,18,41,44,11,93,83,59,No
800341,3,3,5,5,4,3,1,4,1,1,86,68,64,25,40,78,97,78,45,8,19,6,No
800342,3,2,2,1,2,5,3,3,5,3,40,97,100,36,97,4,5,14,52,22,78,63,No
800343,5,2,1,4,2,5,5,4,2,4,70,70,43,19,72,74,61,75,99,44,70,16,Yes
800344,5,2,3,1,2,3,4,1,1,4,74,25,71,85,89,88,54,91,19,20,10,58,No
800345,3,1,5,3,5,3,2,5,1,5,9,94,25,15,23,83,79,65,89,93,12,66,No
800346,2,2,2,3,2,1,1,5,5,5,65,94,11,92,52,54,53,77,32,55,79,57,Yes
800347,1,3,5,2,2,5,5,3,1,4,52,93,80,7,23,33,82,45,53,86,46,60,No
800348,4,3,5,1,1,1,4,3,3,4,76,13,6,56,41,11,86,1,62,50,34,51,No
800349,5,5,2,5,2,1,3,2,2,3,65,41,56,46,29,75,28,21,9,52,26,34,Yes
800350,0,1,2,3,1,2,5,5,2,2,10,10,98,12,94,70,97,81,6,87,28,32,Yes
800351,4,1,3,5,4,3,4,4,5,1,76,46,70,92,51,34,12,84,49,12,1,20,Yes
800352,1,2,4,3,1,5,1,3,1,1,12,98,34,4,59,39,47,57,59,66,76,75,Yes
800353,0,4,3,3,3,4,4,5,5,2,38,5,2,62,57,10,8,7,97,49,1,46,Yes
800354,1,1,5,4,5,3,5,5,4,2,48,79,14,72,33,15,72,56,38,27,21,15,No
800355,1,2,3,2,5,1,1,5,1,1,79,96,34,68,80,86,66,62,4,44,4,12,Yes
800356,3,4,4,1,1,4,3,4,3,4,66,14,31,7,63,39,58,10,46,4,100,60,No
800357,5,2,4,4,3,4,3,1,5,5,16,69,60,93,77,40,67,90,93,28,55,59,Yes
800358,1,1,2,2,3,1,2,5,5,1,40,26,5,71,43,58,49,47,15,22,62,39,Yes
800359,5,2,1,5,1,3,1,1,1,1,25,49,100,60,80,62,73,12,69,27,60,31,Yes
800360,1,4,4,5,5,3,2,4,4,1,30,56,10,59,73,82,39,67,46,22,9,100,Yes
800361,4,4,4,3,3,5,1,1,3,2,18,95,59,48,91,11,76,55,18,21,80,75,Yes
800362,0,3,1,1,5,5,1,1,1,3,65,70,42,97,27,43,70,54,26,58,68,94,Yes
800363,2,2,5,3,4,4,3,4,1,1,16,7,6,76,2,3,77,97,47,96,34,74,Yes
800364,5,3,5,1,1,1,2,5,5,3,80,37,32,1,88,67,24,9,36,48,55,63,Yes
800365,3,4,2,3,3,2,1,2,2,3,100,30,69,58,52,74,58,83,23,65,19,20,Yes
800366,4,5,1,5,5,1,5,2,5,4,36,85,48,40,13,7,64,39,7,82,53,39,Yes
800367,4,4,5,3,4,3,3,4,2,2,36,95,73,1,12,60,59,100,51,16,93,31,Yes
800368,5,5,1,3,1,5,5,4,1,5,2,59,16,38,85,5,41,42,66,91,4,96,No
800369,3,5,5,3,2,1,4,1,2,2,83,99,84,32,20,71,48,16,99,38,4,84,No
800370,5,3,2,2,5,3,3,2,5,2,25,92,46,25,85,35,79,28,77,95,96,68,No
800371,1,3,2,2,4,4,4,1,2,3,67,42,34,36,72,5,20,68,37,25,1,74,No
800372,2,3,1,4,3,1,1,2,3,1,43,49,34,80,71,76,29,97,92,30,47,7,Yes
800373,0,3,4,2,1,1,2,1,3,1,46,43,25,41,69,37,70,68,51,82,4,21,No
800374,4,4,3,2,1,1,4,3,5,4,49,41,84,21,13,85,47,71,68,11,59,66,Yes
800375,5,3,1,3,1,2,4,5,2,2,20,74,2,98,65,38,84,31,86,43,52,94,Yes
800376,4,1,3,4,1,4,1,1,5,4,79,39,84,13,51,70,22,55,33,97,10,54,No
800377,2,3,5,2,1,3,1,3,2,2,30,80,6,46,40,8,48,27,99,93,89,19,No
800378,4,3,2,1,1,1,1,4,4,2,8,31,67,76,16,87,55,54,17,31,59,75,No
800379,4,4,2,3,4,2,3,1,3,2,48,14,82,75,41,14,85,16,33,42,93,80,Yes
800380,5,1,2,4,4,3,1,4,2,4,46,29,35,92,26,22,11,95,56,51,78,57,No
800381,4,2,2,3,5,1,4,1,4,3,57,36,21,42,77,63,59,6,28,70,31,55,No
800382,1,2,4,5,4,2,4,5,5,5,64,23,77,61,6,88,85,86,80,7,3,31,Yes
800383,1,5,3,5,2,4,3,4,5,2,54,94,79,75,18,65,92,51,76,68,41,74,No
800384,0,3,1,4,2,1,3,3,1,1,94,65,60,52,67,23,58,78,29,28,13,94,Yes
800385,2,2,1,1,5,1,5,2,3,1,63,3,34,77,26,75,8,29,4,98,74,68,No
800386,3,1,2,4,3,1,5,5,3,1,22,7,60,57,69,80,12,69,14,28,77,42,No
800387,2,5,3,1,2,4,5,3,1,5,48,54,16,12,13,23,73,58,26,10,4,69,No
800388,0,1,1,4,2,5,4,4,2,4,8,36,59,66,39,19,91,28,67,81,88,95,No
800389,3,4,1,3,1,1,5,3,2,4,68,9,63,39,1,72,12,34,12,93,78,45,No
800390,3,3,3,3,4,3,5,4,2,4,66,53,10,43,42,23,82,68,47,56,40,6,Yes
800391,1,3,1,1,3,1,3,4,5,1,8,22,4,66,67,26,10,92,29,99,50,34,Yes
800392,2,3,5,4,2,2,4,4,4,5,90,6,69,20,56,10,4,89,7,51,42,77,Yes
800393,4,2,1,2,2,2,2,3,2,4,17,47,41,54,60,48,76,12,39,36,54,21,Yes
800394,4,4,1,4,2,4,4,3,5,2,26,100,96,2,16,20,75,59,51,24,4,8,No
800395,1,3,4,4,4,1,1,2,1,3,89,28,15,34,47,35,76,78,77,72,1,22,Yes
800396,0,5,5,1,3,2,1,2,1,1,81,68,44,61,59,58,97,80,81,52,75,55,No
800397,5,1,2,1,5,2,4,2,5,4,26,90,14,8,16,78,85,47,99,50,37,14,No
800398,5,5,5,5,5,1,5,1,2,5,41,8,90,5,44,61,78,87,83,40,4,65,Yes
800399,1,4,5,4,2,4,1,4,5,2,89,78,25,3,32,3,79,6,26,52,74,60,No
800400,2,3,5,1,3,2,1,4,3,3,68,71,6,10,21,5,51,46,73,86,100,16,Yes
800401,0,1,3,1,1,4,1,5,4,1,68,46,81,30,32,54,49,75,29,68,92,79,Yes
800402,2,4,2,5,3,3,2,5,2,3,92,97,33,25,38,14,93,27,13,90,74,70,No
800403,3,3,2,4,3,3,1,5,1,4,9,92,76,33,74,70,13,74,39,16,24,79,Yes
800404,5,5,5,4,5,4,2,1,4,3,98,47,45,64,3,50,75,83,11,68,6,41,Yes
800405,3,2,2,2,4,4,1,3,3,5,33,14,25,32,94,97,31,23,93,45,72,88,No
800406,3,5,1,2,5,5,3,2,5,4,94,27,41,47,84,13,27,23,58,30,3,25,No
800407,2,3,1,2,4,5,2,5,4,2,26,41,70,91,98,100,18,43,72,2,9,14,No
800408,2,5,2,2,2,3,5,4,4,2,72,26,65,99,37,38,96,5,15,45,72,72,No
800409,4,3,3,3,5,1,1,1,4,3,9,93,74,54,68,66,68,82,28,4,86,32,No
800410,3,2,2,5,4,4,5,5,3,1,29,16,39,45,65,68,26,80,26,88,47,5,Yes
800411,2,3,3,3,2,3,5,3,3,2,30,100,68,36,7,37,19,57,50,59,24,24,No
800412,2,2,4,3,4,2,3,4,1,4,73,67,69,11,18,16,18,16,99,6,11,56,Yes
800413,5,3,3,4,5,5,3,5,1,4,81,18,24,42,2,92,74,74,13,73,80,83,Yes
800414,2,1,4,2,2,2,4,5,1,3,73,56,18,98,71,17,47,12,76,64,35,88,Yes
800415,1,1,3,5,1,3,4,4,5,4,28,68,3,48,29,2,84,14,36,24,98,37,Yes
800416,4,3,4,2,4,5,2,1,3,2,94,81,94,67,49,55,7,67,26,10,29,97,No
800417,2,1,4,1,4,5,5,4,3,1,59,28,29,4,28,43,6,4,68,50,34,74,No
800418,5,2,1,5,4,5,3,3,1,1,18,54,65,68,71,83,79,42,53,45,75,53,No
800419,1,4,4,4,5,2,2,2,3,1,5,8,23,96,81,42,39,91,26,95,78,27,No
800420,0,4,4,5,3,5,3,3,1,1,99,74,34,43,17,3,74,4,98,54,49,17,No
800421,5,3,3,4,2,1,1,1,2,2,50,27,49,72,65,2,43,15,88,14,35,17,Yes
800422,0,3,3,4,5,4,4,5,2,3,27,35,48,52,91,44,91,86,9,76,86,34,Yes
800423,2,3,1,5,2,1,2,4,1,3,6,53,30,54,2,7,77,50,9,44,86,61,Yes
800424,3,1,4,5,2,2,1,1,5,4,42,46,89,21,28,51,48,45,38,90,10,35,Yes
800425,4,5,3,2,3,2,4,3,2,3,92,74,94,83,60,21,53,14,31,44,95,61,Yes
800426,4,1,1,3,1,4,4,5,1,3,92,79,53,23,11,46,10,62,60,51,73,40,Yes
800427,5,2,2,3,1,1,1,5,2,1,16,30,51,92,93,12,88,11,82,70,56,36,Yes
800428,3,4,3,3,4,2,5,4,1,5,1,41,33,30,97,20,47,77,51,25,46,19,Yes
800429,5,5,2,2,3,5,1,2,4,4,6,82,83,7,81,39,41,16,60,14,14,71,No
800430,4,1,4,1,4,5,4,2,1,1,86,2,77,94,40,89,17,44,24,20,83,39,No
800431,2,4,4,2,4,4,3,4,4,4,25,83,54,42,98,24,81,41,2,78,18,46,Yes
800432,1,4,1,1,3,4,3,2,3,4,62,63,8,16,98,10,90,96,19,71,53,36,No
800433,1,1,3,1,2,2,2,4,1,4,43,8,47,37,59,39,19,71,5,56,73,84,No
800434,4,4,5,4,2,4,4,3,3,5,24,12,42,42,85,46,3,81,68,70,26,95,Yes
800435,4,3,1,2,2,4,2,1,2,3,46,30,60,91,41,5,66,18,74,18,32,70,No
800436,2,4,1,3,5,2,4,1,3,4,17,91,9,1,68,95,20,12,69,61,23,34,No
800437,5,1,5,5,2,3,4,1,2,1,17,41,54,19,94,80,9,33,45,1,31,70,No
800438,3,5,4,1,5,3,3,3,1,5,64,85,22,42,40,59,71,48,6,56,85,23,Yes
800439,4,4,5,2,5,3,1,3,4,2,10,59,72,39,54,30,70,36,67,25,99,90,No
800440,0,1,3,4,1,2,2,1,4,2,84,84,19,55,19,42,81,85,74,6,47,54,Yes
800441,4,4,2,4,2,4,5,5,4,1,46,18,63,26,13,16,7,60,100,32,100,48,Yes
800442,5,1,2,1,4,2,3,1,3,2,88,97,87,39,5,9,40,71,100,65,53,81,No
800443,5,4,5,2,4,1,1,3,4,2,58,89,32,33,92,31,39,2,37,93,33,4,Yes
800444,5,3,2,5,1,1,4,5,5,1,43,17,27,14,62,50,73,37,68,60,72,57,Yes
800445,3,1,3,2,3,1,1,5,3,1,23,92,74,87,19,38,13,24,45,18,47,71,No
800446,0,3,3,1,2,4,4,4,3,3,76,5,81,92,51,4,82,45,97,43,19,80,Yes
800447,1,5,4,5,4,3,4,1,4,2,28,2,30,85,14,33,24,19,46,18,80,60,No
800448,0,5,5,5,3,2,1,5,2,3,93,72,51,59,86,50,14,61,30,85,64,4,No
800449,3,2,4,1,1,3,1,5,2,2,35,81,31,21,17,29,17,1,2,36,77,66,Yes
800450,1,5,4,5,2,1,5,2,4,1,96,6,68,43,63,88,17,71,38,3,100,56,Yes
800451,2,4,1,3,2,4,1,5,2,1,85,62,82,52,98,19,3,19,36,89,60,73,No
800452,1,4,3,3,2,1,5,5,5,5,61,17,40,17,50,47,72,17,94,96,86,36,No
800453,4,4,3,4,4,3,4,1,2,4,3,69,48,83,23,35,30,36,23,17,69,63,Yes
800454,3,4,4,5,4,3,5,2,3,1,84,50,2,10,15,37,75,88,85,30,75,96,No
800455,2,1,1,3,4,1,3,1,1,1,42,47,60,49,25,59,22,12,74,45,57,95,No
800456,3,2,1,3,1,3,5,4,3,3,22,32,68,28,36,58,58,24,40,8,34,66,Yes
800457,3,2,2,1,2,3,2,3,2,3,18,24,10,34,38,9,85,36,99,84,63,5,Yes
800458,2,2,4,4,4,5,2,2,1,1,36,46,65,40,14,79,12,68,34,94,8,5,Yes
800459,0,5,4,3,1,2,1,4,2,4,34,29,83,27,99,23,35,12,13,69,97,55,No
800460,2,5,2,1,2,2,2,4,3,4,98,30,53,88,77,58,33,6,15,45,12,54,Yes
800461,5,5,2,1,3,5,5,1,5,3,47,56,10,18,47,80,21,36,100,4,50,33,Yes
800462,0,4,2,1,3,1,2,5,5,5,43,98,85,7,89,78,82,47,48,61,28,44,No
800463,5,4,1,1,5,4,4,4,2,5,43,49,89,54,83,78,54,89,30,42,72,81,No
800464,4,3,3,3,1,4,1,5,3,5,45,98,39,78,92,16,88,33,34,35,68,93,Yes
800465,2,3,5,3,1,5,4,3,4,1,4,60,93,59,34,44,48,70,31,45,82,70,No
800466,4,1,4,3,3,1,4,5,4,3,52,69,89,72,78,70,28,98,22,45,6,80,No
800467,5,4,4,5,1,5,2,2,3,5,1,12,65,71,76,22,65,48,12,99,39,97,No
800468,1,5,2,4,5,4,3,1,2,3,17,1,30,13,21,9,10,51,24,1,59,92,Yes
800469,5,1,4,1,4,4,2,4,3,3,14,78,95,80,90,87,29,21,87,62,3,3,No
800470,4,3,4,4,5,5,2,4,3,3,82,56,65,3,17,61,58,83,52,4,10,65,Yes
800471,5,3,4,3,3,5,3,2,4,4,38,86,97,85,23,30,84,35,5,79,24,87,No
800472,5,4,5,1,4,4,3,2,4,3,16,75,5,10,63,59,44,56,8,98,39,27,No
800473,3,5,1,4,3,5,4,5,2,5,12,59,29,72,64,70,82,96,32,23,45,23,Yes
800474,4,1,5,1,4,1,2,1,4,3,3,13,53,27,72,88,97,83,76,21,81,46,Yes
800475,5,3,1,4,4,1,1,3,1,3,25,50,60,14,17,73,84,55,55,42,37,62,No
800476,2,5,4,3,2,5,2,5,4,5,92,39,13,89,78,47,63,59,55,76,95,66,Yes
800477,4,5,4,2,4,5,4,2,4,3,55,44,15,73,42,80,88,33,50,9,11,31,No
800478,0,5,1,3,4,5,1,5,5,5,89,22,41,91,56,90,26,27,97,25,61,30,Yes
800479,2,3,1,5,2,3,4,4,2,1,97,30,91,45,17,48,41,31,46,62,90,35,No
800480,1,2,1,4,5,2,3,5,5,3,48,87,18,66,100,13,81,28,8,19,35,2,No
800481,4,2,1,4,1,2,4,2,1,1,90,75,5,33,45,87,5,68,75,82,52,97,No
800482,4,5,1,4,1,4,3,4,1,5,67,40,45,100,23,14,100,26,43,99,22,22,Yes
800483,3,5,5,2,3,1,2,1,2,1,94,100,67,72,76,33,15,55,100,46,17,96,No
800484,4,1,5,5,3,5,5,3,5,3,6,62,15,79,63,63,88,53,93,87,38,17,No
800485,1,5,4,3,1,4,4,2,4,2,15,23,71,33,78,76,64,80,67,46,1,52,No
800486,2,5,3,3,2,5,4,3,5,5,79,15,73,55,25,58,2,71,52,67,50,18,Yes
800487,2,2,2,4,2,3,3,3,4,5,67,65,49,58,13,27,55,80,81,96,2,38,Yes
800488,0,5,2,3,3,5,4,2,4,4,67,29,52,45,56,55,12,92,78,81,9,14,No
800489,2,4,1,2,2,3,5,1,1,2,1,41,41,24,29,33,59,68,37,66,44,100,No
800490,0,2,5,4,5,1,5,3,1,4,19,8,97,19,60,68,28,52,23,27,67,79,No
800491,3,1,5,1,3,3,4,5,2,5,71,86,71,25,41,32,1,60,16,6,73,11,Yes
800492,1,4,1,2,5,3,2,3,5,1,35,48,59,30,55,50,29,26,74,54,72,32,No
800493,4,3,2,1,4,1,4,2,4,5,99,45,80,4,6,76,43,80,33,72,61,52,Yes
800494,1,4,1,4,2,5,5,1,1,2,71,73,76,44,59,52,81,46,54,81,53,77,Yes
800495,0,4,1,4,4,2,3,2,2,1,32,94,72,33,1,5,76,13,98,93,1,34,Yes
800496,2,3,5,3,4,1,3,5,1,4,92,80,56,66,32,84,25,62,20,50,74,70,No
800497,5,2,5,5,3,4,4,5,4,3,3,47,87,55,49,18,27,24,54,9,93,68,No
800498,2,3,2,3,2,5,3,1,2,4,76,89,33,93,66,81,4,18,40,60,48,21,Yes
800499,0,1,5,4,4,2,4,3,3,2,12,45,72,98,27,44,5,44,25,35,8,83,No
800500,4,2,5,1,3,2,1,4,2,1,16,15,39,45,30,79,96,46,93,93,49,70,Yes
800501,2,2,3,5,2,3,4,1,4,1,49,76,59,58,87,19,93,78,95,44,67,22,No
800502,4,5,5,3,4,5,4,3,2,2,54,91,98,1,98,37,17,67,65,72,47,1,No
800503,1,5,5,2,5,2,2,1,2,1,14,20,16,70,81,80,81,35,40,2,96,87,No
800504,0,2,4,3,5,3,1,4,2,2,6,72,68,30,60,68,78,76,57,2,49,14,Yes
800505,3,3,3,3,1,2,1,3,5,2,55,78,32,30,98,46,57,55,88,10,5,84,No
800506,0,2,1,3,1,1,1,2,2,1,18,61,79,83,19,7,1,96,21,84,10,84,Yes
800507,0,2,2,1,3,2,1,5,1,2,15,55,86,67,25,97,75,13,96,44,87,85,No
800508,1,5,2,4,4,4,3,4,3,5,100,9,28,37,99,95,57,95,40,80,1,15,No
800509,3,3,5,5,4,3,2,4,1,5,70,91,6,81,24,35,76,19,91,57,5,8,No
800510,1,1,3,2,2,3,5,2,1,5,55,30,89,50,36,25,76,3,95,8,25,79,No
800511,0,3,5,4,4,1,3,4,3,1,41,30,41,18,65,21,58,28,78,26,91,64,No
800512,5,4,4,2,3,4,4,1,2,5,90,64,13,91,41,47,29,79,77,66,88,67,No
800513,3,5,5,5,5,3,3,2,5,1,28,3,21,26,94,87,92,62,30,67,1,77,No
800514,4,1,4,4,4,3,2,3,5,1,37,97,14,60,97,99,90,61,59,16,34,73,Yes
800515,3,5,2,5,5,5,3,2,3,2,82,39,32,97,81,14,27,34,85,87,39,36,No
800516,0,2,4,2,1,5,5,2,5,4,35,10,8,69,8,64,47,61,97,11,89,64,Yes
800517,5,5,4,3,4,4,3,4,2,3,51,40,100,99,25,7,33,92,61,95,99,78,Yes
800518,5,5,3,5,4,3,2,1,3,5,90,16,9,75,62,40,54,15,7,20,57,89,No
800519,4,4,1,2,4,5,2,5,3,2,6,96,60,69,33,23,36,86,80,81,49,6,No
800520,2,1,2,1,3,5,2,1,5,1,4,11,46,91,45,13,100,47,83,57,81,63,Yes
800521,0,1,5,2,4,5,1,2,1,5,30,72,90,7,63,95,6,75,46,57,47,30,Yes
800522,3,4,5,5,2,1,2,1,2,2,34,1,99,42,37,44,82,17,77,75,75,68,Yes
800523,2,1,3,2,5,3,4,1,5,3,11,73,38,34,10,38,49,59,2,90,45,30,No
800524,1,4,5,2,2,5,1,2,1,2,35,36,35,78,3,73,98,45,84,85,6,18,Yes
800525,3,3,2,1,5,4,3,3,4,2,85,78,14,85,39,20,38,95,65,24,11,59,No
800526,0,3,5,1,2,5,4,4,2,2,53,35,42,81,59,30,65,20,51,47,95,59,No
800527,4,3,1,4,5,4,3,2,1,2,41,77,39,66,4,45,25,27,74,16,39,9,No
800528,2,2,5,4,4,4,4,3,4,5,76,66,56,17,1,71,71,6,62,58,1,14,No
800529,0,5,3,2,3,4,3,5,4,5,73,29,71,14,30,12,56,88,83,78,86,50,Yes
800530,3,2,3,2,3,3,2,3,3,2,90,52,21,66,80,36,54,23,36,9,59,32,No
800531,4,1,1,3,5,5,2,2,2,5,42,81,59,51,58,69,50,44,3,63,69,51,No
800532,3,3,5,4,2,3,5,4,3,2,32,5,96,57,46,51,3,86,6,46,27,100,Yes
800533,1,5,2,5,2,3,4,2,1,5,69,25,45,17,24,54,38,13,54,28,94,81,Yes
800534,4,5,3,4,3,5,5,3,3,5,77,44,41,11,76,79,87,15,12,74,1,98,No
800535,3,3,4,2,4,4,3,5,2,5,67,74,68,30,33,67,52,36,70,70,41,38,Yes
800536,4,4,3,3,5,4,2,1,3,1,81,22,95,35,9,97,90,4,37,55,79,83,Yes
800537,3,4,4,5,2,4,1,2,4,5,10,34,52,81,85,21,96,61,19,47,80,4,Yes
800538,4,4,2,5,4,1,4,5,5,3,26,59,66,50,47,26,47,11,24,56,69,84,No
800539,2,2,1,5,4,4,2,4,2,4,49,43,45,36,89,90,63,66,85,92,53,72,No
800540,5,3,4,4,4,2,4,4,3,5,76,88,43,87,96,28,84,96,74,17,50,39,Yes
800541,2,5,5,2,1,4,1,4,4,2,71,16,49,74,41,12,60,78,16,93,57,10,Yes
800542,2,4,4,3,3,1,2,3,3,1,56,35,71,53,36,44,72,87,16,3,63,42,Yes
800543,3,2,3,4,5,5,5,2,1,5,17,7,55,7,29,36,81,66,60,53,61,38,No
800544,2,5,5,3,1,1,1,4,3,5,56,1,4,13,88,5,58,28,53,69,70,85,Yes
800545,5,1,4,5,4,5,5,2,4,3,6,44,66,26,63,16,73,10,44,19,25,70,No
800546,2,3,5,3,3,2,3,4,1,1,61,47,82,33,60,42,16,49,19,5,62,3,No
800547,5,3,3,3,3,1,5,5,3,4,18,56,78,16,33,11,16,73,13,30,60,87,Yes
800548,2,4,5,5,1,2,4,3,3,1,23,90,46,82,59,91,64,70,21,12,91,47,No
800549,3,3,4,2,1,1,4,4,2,4,52,45,3,83,32,85,4,31,23,3,53,93,Yes
800550,0,5,3,3,3,4,3,1,5,1,99,93,42,53,79,56,25,3,11,20,22,79,Yes
800551,3,1,5,1,3,4,1,3,1,1,9,74,45,68,53,32,48,69,41,67,67,68,Yes
800552,0,3,3,2,3,2,3,2,1,4,24,26,75,96,40,12,36,18,30,55,35,10,Yes
800553,1,4,4,2,1,3,4,1,5,4,22,21,57,30,88,32,5,70,54,30,94,17,No
800554,2,1,1,4,5,4,1,5,2,1,56,3,8,74,53,65,29,91,37,74,97,63,No
800555,0,3,5,1,5,3,1,5,3,4,45,28,51,41,89,58,13,40,5,26,98,37,No
800556,2,3,2,1,5,5,4,2,5,4,50,13,13,11,95,87,39,33,17,65,63,23,Yes
800557,3,4,4,5,4,5,4,2,5,4,85,59,29,67,69,21,5,83,19,22,32,94,No
800558,5,2,3,1,2,1,3,2,4,5,45,49,7,22,42,12,53,52,45,67,31,50,Yes
800559,3,3,4,2,1,2,2,4,2,3,35,37,62,31,9,76,72,16,22,79,52,72,No
800560,4,4,3,1,1,5,2,3,5,3,5,63,2,17,54,9,29,78,10,83,85,90,No
800561,3,1,2,2,4,3,4,4,3,1,31,56,37,48,89,73,30,10,16,10,67,71,Yes
800562,1,5,3,1,2,2,4,1,2,2,1,2,100,26,54,45,53,54,43,14,71,84,No
800563,3,3,2,5,3,4,1,4,5,3,24,52,17,74,64,52,66,86,66,47,14,9,No
800564,1,2,5,5,5,3,2,5,5,1,97,97,42,17,16,81,66,67,75,54,29,13,Yes
800565,3,4,2,1,2,1,2,3,4,5,42,43,54,24,99,85,94,82,55,35,3,80,No
800566,4,4,5,1,3,3,1,1,1,1,20,87,25,79,41,56,96,52,66,75,8,23,Yes
800567,0,3,5,3,3,2,1,4,1,4,33,39,30,49,96,21,27,23,31,99,91,4,Yes
800568,4,3,1,5,3,1,1,4,1,4,75,52,53,21,28,50,49,55,43,2,75,73,Yes
800569,2,5,1,4,4,1,2,4,5,4,87,11,27,86,7,17,70,55,51,92,76,68,Yes
800570,3,1,1,1,1,1,4,4,4,3,76,51,61,70,77,20,88,57,59,39,49,41,Yes
800571,1,2,2,3,4,2,1,2,3,1,81,10,72,85,37,42,18,100,93,64,1,38,Yes
800572,3,2,3,5,1,5,5,3,5,1,70,80,95,74,80,45,5,42,66,98,99,3,No
800573,5,4,4,1,5,1,3,2,3,5,94,79,3,88,27,78,90,26,83,37,9,12,Yes
800574,3,2,2,3,2,1,2,2,1,3,69,97,25,47,82,82,61,99,77,60,99,30,No
800575,1,3,3,3,4,2,3,3,2,2,94,71,75,5,3,42,47,68,97,1,75,9,No
800576,1,1,5,2,4,1,4,3,2,3,41,38,22,11,28,45,62,63,39,64,10,72,No
800577,1,5,5,3,5,1,3,2,2,5,53,64,51,30,56,56,2,76,78,1,44,34,No
800578,3,4,2,5,4,5,5,2,1,5,5,22,81,97,47,13,39,44,24,28,6,38,Yes
800579,3,1,4,3,4,3,5,2,3,3,69,50,76,66,74,21,42,55,94,60,85,27,Yes
800580,1,5,3,5,1,4,5,2,1,2,42,20,61,46,72,94,99,53,82,32,92,24,No
800581,0,1,3,4,5,3,5,5,1,3,90,1,27,38,36,68,7,43,99,67,29,90,No
800582,4,5,3,2,2,2,3,2,3,5,16,18,72,94,90,43,27,26,14,89,95,16,Yes
800583,1,4,3,4,5,1,1,1,4,5,64,91,68,84,52,47,70,14,39,3,69,6,No
800584,1,2,2,5,4,3,2,5,4,4,62,76,45,88,20,22,23,79,88,22,79,36,Yes
800585,2,2,2,3,2,4,1,3,5,5,7,76,76,17,93,34,66,64,33,15,73,60,Yes
800586,3,2,3,4,4,4,5,5,1,1,45,38,43,79,44,28,55,32,17,39,62,48,No
800587,4,2,1,5,3,2,2,2,3,5,71,37,32,45,33,13,13,25,17,55,64,64,No
800588,2,5,5,4,3,1,4,5,3,2,26,44,26,61,77,14,2,29,98,7,53,34,No
800589,3,1,2,3,4,2,3,1,2,1,93,42,54,4,57,45,62,30,73,85,30,32,Yes
800590,0,1,3,2,1,4,5,5,3,3,84,49,30,93,12,98,98,15,73,97,10,85,No
800591,5,2,5,2,2,3,3,2,5,1,27,64,43,65,10,34,85,40,63,14,65,20,No
800592,2,3,1,1,4,5,2,4,4,3,45,4,31,32,69,75,7,96,4,24,35,63,No
800593,3,1,2,4,4,2,4,5,3,1,67,39,34,4,97,94,10,88,67,43,52,100,Yes
800594,1,4,2,5,1,4,3,4,3,3,42,94,92,89,90,51,94,47,43,45,18,85,Yes
800595,4,4,4,4,3,2,1,4,5,3,58,27,63,26,38,59,12,40,53,67,86,21,Yes
800596,1,3,5,5,5,2,2,5,1,5,76,35,80,40,32,47,20,99,58,38,51,90,No
800597,4,1,5,3,1,3,1,3,4,3,37,16,25,76,93,98,66,16,6,62,30,62,No
800598,3,4,2,5,1,3,1,1,1,1,42,61,70,17,5,14,52,81,28,41,68,68,No
800599,0,2,5,4,5,1,4,4,1,4,86,36,7,2,81,95,1,17,77,51,85,8,Yes
800600,2,2,1,5,2,4,2,2,1,1,96,89,21,7,2,21,69,34,76,51,98,43,No
800601,0,1,4,5,3,3,3,5,2,4,64,37,53,69,63,8,67,90,84,88,87,46,No
800602,5,4,2,5,1,4,4,3,5,4,59,88,65,35,43,39,13,7,47,17,94,47,Yes
800603,1,3,2,1,1,5,2,1,4,1,38,88,25,91,83,59,53,58,7,12,92,95,No
800604,3,5,1,3,5,3,4,5,3,4,74,26,92,48,22,81,73,47,29,65,23,67,No
800605,3,3,1,4,1,4,3,3,3,2,19,86,50,16,29,77,84,23,43,81,83,59,Yes
800606,3,4,4,3,1,4,2,4,5,1,82,45,34,9,22,22,96,17,90,80,22,47,No
800607,2,2,5,3,4,4,2,3,3,5,82,20,89,4,70,37,26,12,33,32,33,14,No
800608,4,3,2,3,1,2,3,5,4,1,81,20,47,73,69,64,64,88,83,14,26,35,No
800609,2,5,5,1,3,4,4,3,5,2,3,28,72,16,85,3,66,10,65,34,40,74,No
800610,0,5,3,3,4,5,3,2,3,2,82,76,16,87,33,65,55,70,45,48,27,82,No
800611,4,5,2,3,5,1,4,3,1,3,37,49,25,22,88,5,72,34,37,50,24,77,Yes
800612,0,2,4,4,4,1,3,3,4,1,73,40,74,77,57,38,97,57,10,17,41,50,Yes
800613,3,5,4,1,5,2,4,5,2,3,15,86,38,95,67,19,82,15,28,2,55,97,Yes
800614,4,3,1,3,5,3,1,1,2,4,33,90,1,33,43,66,53,60,92,58,40,76,No
800615,5,3,2,1,3,5,1,4,2,4,52,48,5,10,61,80,69,70,5,85,48,37,No
800616,5,1,2,4,5,2,5,4,5,2,24,87,52,77,85,28,19,64,95,50,20,2,Yes
800617,0,1,5,1,3,3,1,4,3,1,73,16,28,95,19,3,67,15,74,61,27,29,Yes
800618,3,5,2,4,1,5,2,5,2,1,45,33,69,9,70,23,88,42,5,45,93,15,Yes
800619,3,3,4,2,4,2,5,4,1,4,37,20,47,74,27,97,22,27,19,3,64,92,Yes
800620,4,3,4,5,5,4,2,2,1,2,20,27,76,74,50,32,19,51,44,78,3,100,Yes
800621,2,2,5,2,1,1,3,1,2,5,87,63,66,2,22,23,76,93,19,99,94,77,Yes
800622,1,1,3,5,2,5,3,2,4,5,18,32,41,100,33,35,16,18,33,100,90,40,No
800623,4,2,3,1,3,3,4,4,4,4,63,16,1,55,52,32,54,64,34,57,13,13,Yes
800624,2,1,5,3,3,4,3,2,2,3,58,1,88,52,77,90,28,50,29,62,75,11,No
800625,2,5,5,3,4,1,2,1,5,2,65,65,65,62,29,28,43,8,82,12,15,54,No
800626,2,1,2,2,1,4,2,3,2,5,47,49,77,21,21,40,3,80,45,71,9,87,Yes
800627,2,4,4,1,3,1,1,5,1,4,78,97,72,92,9,78,99,86,19,22,1,37,Yes
800628,1,5,2,1,4,4,5,1,1,4,81,86,79,27,82,77,93,33,69,17,13,64,Yes
800629,1,3,3,2,2,1,1,5,1,5,16,34,79,65,32,25,79,91,33,75,32,2,Yes
800630,3,3,1,4,4,2,3,2,4,2,77,83,77,91,51,100,8,100,22,43,8,69,Yes
800631,1,4,4,1,3,2,4,2,3,2,64,38,6,42,84,83,3,90,39,11,98,11,Yes
800632,5,5,5,4,4,3,3,2,3,3,56,49,4,1,89,50,81,56,92,38,20,29,No
800633,2,2,3,5,1,2,3,1,1,2,13,76,89,69,21,38,99,4,22,2,34,65,Yes
800634,5,1,2,4,1,5,3,2,5,2,67,68,41,55,7,99,66,30,29,84,98,4,Yes
800635,3,2,1,5,3,2,1,3,2,2,18,85,29,4,49,10,85,38,6,71,94,14,No
800636,0,1,4,5,1,2,5,5,3,5,3,73,42,36,10,68,31,70,100,100,64,45,No
800637,3,3,1,4,4,5,3,1,1,1,45,76,56,16,2,75,92,35,81,29,13,96,No
800638,2,4,5,1,4,4,4,4,5,2,94,95,89,73,55,58,15,1,15,17,83,51,Yes
800639,0,2,3,3,4,2,2,5,3,2,25,22,69,59,22,50,88,100,79,16,99,76,Yes
800640,2,4,1,2,4,1,1,2,2,5,75,25,11,36,11,97,5,25,59,59,95,50,Yes
800641,0,5,3,4,5,4,2,3,5,2,86,72,26,90,45,29,55,53,93,57,85,82,Yes
800642,3,5,2,1,4,5,1,1,1,4,41,83,65,67,86,9,93,3,61,66,13,65,No
800643,3,5,2,5,2,5,5,2,3,3,49,80,6,38,68,36,38,3,84,28,92,83,Yes
800644,0,3,1,2,4,4,2,5,5,2,2,6,17,81,15,38,80,21,87,100,47,40,Yes
800645,0,4,1,3,2,5,3,1,5,5,85,41,91,96,8,43,97,79,88,76,63,100,Yes
800646,5,2,5,4,3,1,3,1,1,2,40,15,82,61,92,8,32,33,36,20,7,69,Yes
800647,4,5,3,3,3,5,2,2,3,4,29,66,19,96,10,71,84,26,96,51,65,14,No
800648,1,4,1,3,5,2,4,2,1,5,26,60,13,45,47,71,33,51,26,60,80,12,No
800649,3,3,3,1,4,1,1,3,4,5,69,80,35,4,6,100,100,11,3,48,50,56,No
800650,4,3,5,4,5,2,3,2,2,3,49,41,91,56,14,27,58,70,1,81,96,6,Yes
800651,5,4,3,5,3,5,3,4,1,2,31,73,31,62,90,1,62,34,59,86,89,50,Yes
800652,4,5,4,1,4,2,2,3,4,4,57,81,12,10,15,14,52,22,40,27,65,36,No
800653,1,4,5,2,4,3,4,3,4,1,90,15,3,27,81,88,11,49,37,26,67,70,No
800654,5,4,5,2,5,2,4,4,1,4,70,20,49,84,91,87,4,93,42,62,10,95,No
800655,2,2,3,2,1,4,4,2,4,2,48,76,19,48,31,75,18,48,49,65,55,15,No
800656,5,5,3,5,1,3,4,3,5,5,19,22,6,3,40,92,60,61,28,15,72,59,Yes
800657,5,3,5,1,4,3,2,2,1,3,87,56,77,90,34,22,91,59,73,69,11,30,Yes
800658,1,2,2,4,2,3,4,4,2,4,14,55,60,97,35,38,26,29,36,81,47,14,No
800659,1,5,4,5,2,1,3,1,2,5,11,51,38,21,55,93,76,86,63,39,98,18,No
800660,1,1,4,1,2,5,1,5,5,5,49,54,4,64,2,38,33,51,88,99,21,78,Yes
800661,2,2,3,3,5,2,2,1,2,3,1,9,6,72,5,7,66,62,39,76,27,43,Yes
800662,0,3,3,4,3,4,5,5,2,2,99,66,26,15,8,64,19,13,90,7,49,41,Yes
800663,1,4,1,3,4,2,1,2,4,1,32,40,2,99,6,85,11,88,97,77,72,67,No
800664,4,4,2,4,5,1,1,1,1,4,18,8,5,12,45,55,10,70,53,13,3,63,Yes
800665,2,5,1,5,3,4,1,2,4,5,7,64,33,80,94,54,5,84,70,15,68,51,No
800666,2,2,2,1,4,3,4,5,5,3,57,86,83,70,15,72,46,35,70,66,64,73,No
800667,5,4,3,4,2,4,1,1,1,3,86,21,9,23,29,32,21,2,90,22,34,32,No
800668,4,4,2,2,4,2,4,3,4,2,94,31,81,89,46,17,40,34,13,4,51,15,No
800669,4,1,4,1,3,5,4,3,1,4,49,39,90,86,86,10,54,29,7,93,64,47,Yes
800670,3,1,5,2,1,2,4,5,5,1,48,14,72,3,53,53,34,36,34,26,15,22,Yes
800671,5,2,5,1,1,3,4,4,4,5,11,73,47,20,41,16,11,55,74,52,34,57,No
800672,1,3,4,3,4,4,2,5,2,3,17,6,79,88,16,60,12,97,35,85,87,8,Yes
800673,0,2,3,2,3,5,3,5,5,1,17,87,46,14,31,74,94,44,40,18,18,70,Yes
800674,1,1,5,2,1,5,5,5,5,5,74,26,17,74,63,25,42,36,54,49,27,2,Yes
800675,2,1,1,1,1,4,2,5,2,4,78,56,30,45,9,50,16,3,50,30,31,7,Yes
800676,3,3,2,3,3,4,5,1,5,5,90,89,97,52,3,8,29,82,31,1,21,23,No
800677,2,3,3,1,3,4,4,4,4,2,70,93,100,72,66,50,63,40,84,91,62,23,Yes
800678,1,4,5,3,1,2,2,3,5,5,92,32,11,27,13,13,73,80,17,51,28,66,Yes
800679,2,5,4,2,2,4,4,4,1,4,50,8,1,53,11,96,100,3,58,88,81,83,No
800680,4,1,2,5,1,4,4,4,2,2,66,95,35,87,23,28,98,91,65,51,51,21,Yes
800681,4,2,1,2,5,5,3,4,5,1,80,35,64,16,18,60,10,84,99,56,100,50,No
800682,4,1,2,2,4,1,3,3,5,2,46,5,75,100,86,74,15,43,8,56,23,38,Yes
800683,5,2,2,2,1,4,1,3,3,2,96,89,42,73,96,73,62,16,1,34,90,81,No
800684,1,3,4,2,4,2,1,1,2,3,31,48,25,82,51,68,11,77,56,72,50,34,No
800685,1,3,3,4,4,5,3,3,1,2,89,23,54,82,73,3,54,100,14,100,64,33,Yes
800686,1,3,3,1,3,4,2,2,2,3,6,79,85,51,39,99,16,70,25,49,65,35,Yes
800687,0,5,1,2,5,5,1,4,3,2,37,9,11,82,53,97,47,48,81,31,24,6,No
800688,1,3,5,3,2,2,5,5,4,2,85,42,75,40,19,90,77,59,96,45,14,52,Yes
800689,5,5,1,5,1,1,3,3,1,4,100,30,52,59,13,23,54,13,21,35,54,87,No
800690,2,3,5,3,1,2,3,3,3,4,91,72,17,80,83,84,52,100,10,81,54,41,Yes
800691,1,1,5,4,2,3,1,5,3,1,9,29,25,52,12,98,83,54,84,94,40,40,No
800692,5,2,4,1,3,1,2,4,4,2,57,43,85,19,45,27,19,81,23,51,65,12,No
800693,5,5,5,2,1,4,2,3,2,5,40,41,19,60,56,80,55,32,55,97,25,57,Yes
800694,5,1,4,2,2,2,5,4,5,1,61,79,97,61,90,41,90,55,25,61,73,51,Yes
800695,2,1,2,3,4,1,1,1,5,4,88,63,59,96,89,53,19,46,27,94,23,96,No
800696,5,3,5,1,5,3,3,3,1,5,47,30,85,86,91,33,76,59,85,67,69,75,Yes
800697,0,3,3,2,2,2,4,4,1,1,93,71,39,27,27,40,19,93,38,85,43,72,Yes
800698,4,1,2,1,2,3,3,3,3,2,75,71,84,7,85,78,84,100,89,33,28,81,Yes
800699,1,4,3,3,5,2,1,1,3,5,71,9,13,69,1,46,32,34,86,67,46,100,No
800700,3,3,2,1,1,4,4,5,2,4,38,1,8,41,74,88,45,73,82,85,42,54,No
800701,4,2,2,4,1,4,5,1,3,1,81,64,77,75,16,91,94,21,68,47,57,72,No
800702,0,1,3,2,2,2,5,4,4,1,7,12,68,21,18,15,17,38,41,57,100,70,No
800703,1,5,2,5,2,5,3,1,5,3,79,85,41,98,36,98,19,88,42,69,4,82,Yes
800704,4,4,5,2,4,3,5,1,1,5,91,37,18,76,23,96,77,30,90,17,41,66,No
800705,0,1,1,4,1,3,5,4,5,4,30,60,16,25,13,37,67,57,86,38,92,78,No
800706,4,5,1,3,1,2,4,2,1,2,55,77,76,13,67,92,32,99,80,59,65,99,Yes
800707,4,1,3,1,5,2,5,2,3,2,26,35,54,14,73,64,28,66,7,20,56,3,No
800708,4,2,2,2,3,2,5,2,3,2,32,54,54,41,26,24,19,47,3,23,50,62,Yes
800709,2,5,1,4,5,2,2,4,2,1,59,100,50,13,30,41,99,48,12,84,45,44,No
800710,1,4,3,4,3,1,3,2,4,3,6,27,58,55,36,79,2,32,82,86,85,80,No
800711,3,1,3,4,3,3,1,4,1,2,30,5,6,64,84,83,43,25,24,27,66,32,No
800712,1,2,3,1,1,3,5,2,4,4,40,15,11,24,98,47,22,58,79,1,46,45,No
800713,2,3,1,4,3,3,5,5,4,5,28,20,100,40,41,45,4,4,81,79,36,8,No
800714,0,5,5,1,2,4,1,1,5,2,87,42,46,88,39,54,60,65,37,34,93,54,No
800715,3,2,4,3,2,2,5,5,4,2,12,8,77,82,62,25,13,96,16,12,55,9,No
800716,5,5,3,5,3,3,4,1,2,4,19,92,67,13,28,52,38,63,46,12,69,34,Yes
800717,1,2,3,1,1,5,1,4,3,3,19,52,72,89,31,25,74,74,34,11,52,29,Yes
800718,1,3,5,5,5,5,3,3,1,2,40,99,10,23,53,63,91,38,32,78,50,51,Yes
800719,4,5,1,2,5,3,5,4,5,1,38,9,58,23,57,25,71,58,31,20,70,74,No
800720,4,1,2,4,1,5,4,1,4,5,67,4,88,6,91,27,87,30,58,68,9,27,No
800721,3,1,1,3,3,3,5,1,3,5,52,32,58,72,85,40,19,45,44,21,25,41,Yes
800722,1,4,2,4,3,3,2,3,5,1,92,18,82,51,82,46,81,55,26,34,81,79,No
800723,2,1,4,5,3,1,1,5,5,1,1,59,95,20,14,35,91,39,74,87,43,4,No
800724,3,3,4,1,5,5,1,1,1,3,8,43,50,54,8,17,19,67,62,58,22,18,Yes
800725,2,2,1,3,3,3,4,5,4,1,35,80,38,53,46,75,89,32,74,73,25,76,Yes
800726,0,5,1,3,5,4,3,1,3,3,93,51,83,37,73,70,61,46,31,29,11,76,No
800727,5,5,4,1,3,2,3,1,1,1,31,43,8,18,24,95,18,98,28,84,52,13,No
800728,1,4,2,3,2,2,4,2,4,3,71,12,1,24,33,67,96,16,5,71,69,88,Yes
800729,3,2,5,4,2,5,4,5,5,1,82,39,88,72,87,99,74,69,63,47,85,80,No
800730,3,1,4,2,3,5,2,3,1,3,86,34,32,6,19,12,46,5,82,83,78,38,No
800731,2,4,3,4,5,3,1,1,5,4,100,26,80,14,100,18,35,37,91,72,26,96,Yes
800732,3,2,1,1,2,3,3,5,4,5,60,50,68,79,80,76,11,56,46,13,16,66,Yes
800733,1,5,3,3,1,1,4,2,1,5,85,69,85,65,55,29,81,58,79,44,22,52,No
800734,0,1,3,5,4,2,2,2,1,5,77,71,48,80,84,22,19,9,19,65,31,76,No
800735,5,2,4,5,5,3,1,2,2,1,79,13,11,2,59,57,62,22,52,91,34,59,No
800736,2,3,1,4,2,1,5,1,4,3,12,30,57,44,14,61,79,82,96,57,50,54,Yes
800737,0,1,3,1,2,4,3,5,2,5,39,50,59,47,17,13,47,16,76,2,48,94,No
800738,4,4,4,4,4,4,3,2,1,3,18,23,53,73,41,89,22,82,10,36,27,58,Yes
800739,2,2,2,3,4,4,1,5,3,2,64,35,90,38,35,7,57,40,68,54,69,35,Yes
800740,0,3,1,4,3,5,1,5,5,4,98,26,90,60,88,100,45,53,44,12,33,4,Yes
800741,4,4,2,1,2,5,1,2,2,5,88,70,92,77,54,70,42,9,24,86,31,12,Yes
800742,5,2,3,5,5,1,4,3,5,2,51,68,26,79,61,93,95,21,16,63,80,68,Yes
800743,0,5,1,4,1,2,1,3,1,4,33,56,6,56,29,95,23,100,50,82,10,17,No
800744,4,3,2,2,1,3,3,1,5,4,99,48,10,80,69,32,2,12,20,15,40,39,No
800745,2,1,3,4,4,4,3,3,3,1,91,14,18,62,80,31,19,87,31,54,20,24,Yes
800746,2,3,1,4,3,2,5,2,2,2,44,2,88,65,95,80,41,52,82,46,35,73,Yes
800747,0,2,4,1,4,5,4,1,1,3,21,88,89,37,23,1,91,50,58,71,37,69,No
800748,4,2,2,2,4,2,1,3,4,1,42,20,1,79,55,28,77,26,70,85,24,83,No
800749,4,4,1,2,2,4,3,1,5,2,70,95,8,79,75,97,78,45,75,26,90,90,No
800750,4,4,3,1,3,5,2,2,4,5,97,74,60,80,77,94,27,32,63,51,25,5,No
800751,5,4,5,5,4,1,2,4,4,3,10,27,42,3,90,33,64,84,16,48,16,43,Yes
800752,0,4,4,3,4,4,4,4,2,4,48,95,55,21,97,22,93,54,11,19,87,88,No
800753,2,5,1,5,2,1,1,5,2,5,85,28,66,56,87,7,57,40,30,77,58,89,Yes
800754,2,4,5,1,4,2,5,2,4,4,58,8,17,45,3,53,30,52,75,79,27,71,No
800755,2,5,3,5,2,2,2,5,1,4,9,89,75,70,4,20,2,89,23,26,81,85,Yes
800756,4,1,4,3,4,5,3,4,5,1,94,2,96,38,42,5,96,39,27,11,73,2,Yes
800757,2,3,4,2,2,5,2,2,2,4,6,5,29,2,87,29,72,24,21,33,12,18,Yes
800758,1,4,3,5,3,5,2,4,2,4,33,53,46,74,61,7,18,21,32,6,76,80,No
800759,1,1,1,5,3,1,5,2,2,1,62,18,37,17,42,80,33,52,92,8,16,10,No
800760,1,2,3,4,1,3,4,4,1,4,8,94,14,75,18,88,52,1,95,26,56,62,No
800761,5,4,2,4,2,1,2,3,3,1,89,32,38,45,38,8,63,80,7,54,61,6,No
800762,4,5,5,4,3,3,3,2,4,5,65,99,40,70,70,78,36,51,16,44,41,58,Yes
800763,3,3,2,5,5,1,4,2,5,3,9,55,46,4,9,99,88,91,89,52,68,76,No
800764,1,3,2,5,1,5,3,2,5,4,13,83,56,4,59,48,1,3,5,77,64,84,No
800765,5,2,2,3,5,1,1,3,5,4,86,17,37,90,3,40,12,64,73,97,79,92,Yes
800766,2,4,1,1,3,1,3,3,3,5,9,71,61,64,22,3,8,55,40,28,21,29,Yes
800767,5,4,2,3,4,5,2,5,2,1,63,4,21,22,42,99,19,19,13,29,86,7,No
800768,1,4,3,1,3,3,5,3,2,2,75,14,47,68,73,93,31,18,53,81,99,94,Yes
800769,2,4,4,5,1,4,4,2,2,1,81,59,92,46,17,3,81,64,60,69,81,40,No
800770,3,2,3,2,4,4,5,3,1,1,53,32,55,89,2,93,11,33,71,19,13,12,Yes
800771,3,5,3,5,1,3,5,5,1,2,74,24,90,77,89,18,83,5,14,30,22,27,Yes
800772,5,4,5,5,2,1,5,4,4,5,89,9,80,50,82,99,32,82,65,43,57,85,Yes
800773,1,5,2,2,2,2,1,5,3,1,35,19,80,19,18,41,58,44,62,63,60,60,Yes
800774,0,4,4,5,5,2,4,3,5,4,3,91,89,81,51,31,43,23,47,22,30,26,Yes
800775,5,2,1,3,2,4,1,1,3,1,19,55,9,43,81,18,74,90,79,86,95,72,Yes
800776,2,3,4,2,2,2,4,5,3,3,97,23,50,3,98,81,97,57,76,38,58,35,Yes
800777,1,2,4,1,5,1,3,1,2,4,45,1,95,20,87,24,65,3,52,55,97,100,Yes
800778,4,3,1,1,5,1,2,3,3,4,17,17,88,61,3,62,83,51,92,27,81,5,Yes
800779,4,5,4,3,4,1,5,2,1,5,58,100,70,24,55,76,91,78,10,94,99,46,No
800780,0,1,5,3,2,4,5,2,4,2,31,43,50,9,59,12,20,51,53,9,18,39,No
800781,4,2,3,4,3,5,2,1,5,4,65,10,15,31,90,65,52,80,82,68,72,4,No
800782,1,5,3,2,4,3,2,1,3,5,25,21,6,56,41,36,26,37,39,52,60,66,No
800783,2,2,4,4,5,4,3,2,3,4,9,53,49,85,66,43,79,16,64,51,92,29,Yes
800784,1,2,3,5,5,1,2,5,5,4,77,40,18,56,22,65,80,76,49,76,17,95,Yes
800785,3,1,3,5,1,4,4,3,1,4,60,81,72,88,57,59,69,64,34,12,85,79,Yes
800786,5,4,1,1,3,4,4,4,4,1,81,25,19,32,75,68,58,35,34,69,8,18,Yes
800787,1,2,1,3,4,2,3,4,1,2,5,64,68,98,69,16,6,48,88,39,31,44,No
800788,0,3,5,2,4,5,3,4,4,5,81,63,21,72,46,58,41,60,17,91,29,100,Yes
800789,4,2,3,3,2,3,5,2,4,1,29,56,41,56,73,20,13,11,13,33,1,11,Yes
800790,2,4,4,1,1,5,5,3,1,1,48,81,46,68,47,79,57,59,41,59,58,72,No
800791,4,4,5,4,2,4,4,4,4,4,56,5,2,13,5,18,98,66,39,78,22,9,Yes
800792,4,4,1,3,4,2,4,5,3,3,93,20,35,39,100,22,98,10,36,97,69,16,Yes
800793,3,4,4,1,5,1,1,1,4,1,39,55,7,74,83,55,7,69,53,20,65,61,Yes
800794,5,3,4,5,4,1,1,2,2,3,69,84,58,19,22,28,92,29,5,55,17,35,Yes
800795,2,5,2,4,5,4,2,1,3,2,56,4,39,15,49,33,19,30,57,87,68,98,No
800796,3,2,1,3,2,3,5,4,2,4,71,4,84,8,36,67,19,51,55,7,62,18,No
800797,0,2,5,2,3,1,5,3,3,5,77,2,19,99,44,10,44,70,33,36,46,18,No
800798,5,1,1,3,5,5,4,3,1,1,32,99,36,15,93,57,87,100,95,64,41,6,Yes
800799,4,3,4,1,2,2,3,5,5,4,19,8,28,69,35,40,39,25,77,70,17,33,Yes
800800,4,1,4,2,1,2,2,5,1,1,15,66,7,13,26,76,69,100,75,14,30,6,No
800801,1,4,5,5,5,4,5,1,3,4,50,49,70,87,21,16,9,77,41,25,11,69,No
800802,4,5,2,5,5,1,5,3,4,3,26,68,42,19,43,32,65,19,13,57,90,86,Yes
800803,3,2,4,4,4,2,2,5,1,3,98,7,66,26,61,30,95,59,41,93,83,57,No
800804,1,1,3,4,4,5,4,4,2,4,1,56,58,34,35,79,72,28,100,77,69,8,Yes
800805,2,4,2,4,5,2,1,4,1,3,16,13,99,52,64,30,91,81,44,43,99,94,Yes
800806,0,5,4,2,3,1,5,4,1,1,26,15,3,6,65,98,90,37,76,95,3,39,No
800807,1,5,5,2,5,2,4,5,5,4,33,45,37,39,54,12,100,35,96,68,14,85,No
800808,5,3,1,2,1,5,3,1,3,4,15,90,81,6,53,37,67,75,81,21,56,77,No
800809,0,3,5,2,3,2,1,5,5,2,7,20,2,3,48,62,57,65,64,37,34,34,Yes
800810,3,4,5,4,1,3,1,5,1,3,54,81,94,35,31,81,7,3,81,94,56,87,No
800811,3,2,3,1,1,4,5,3,1,5,57,24,72,29,54,31,56,57,13,53,27,7,Yes
800812,5,3,5,1,2,3,4,5,4,5,46,93,46,35,45,62,80,87,70,88,41,61,No
800813,5,5,1,3,2,5,2,5,1,3,95,79,66,34,41,10,77,38,86,16,19,91,Yes
800814,3,2,4,5,4,5,4,2,1,4,29,22,26,72,64,86,37,60,76,63,35,6,Yes
800815,1,3,1,1,2,3,5,1,1,5,55,36,98,34,56,55,69,81,97,22,26,17,No
800816,3,3,2,5,1,3,1,3,4,2,7,60,81,67,88,4,81,91,11,8,87,50,Yes
800817,5,1,3,3,1,5,3,4,1,2,28,78,98,16,3,40,62,98,63,5,36,8,No
800818,3,5,2,3,5,4,4,2,3,3,40,52,42,17,82,40,96,96,58,31,10,31,No
800819,5,5,4,5,2,4,3,1,5,3,34,48,32,40,11,30,10,44,7,37,1,67,Yes
800820,0,2,3,4,5,4,5,4,3,3,48,86,63,38,79,82,87,37,30,28,15,83,No
800821,4,5,4,5,2,1,3,3,1,1,100,39,16,82,46,57,60,58,67,83,50,1,Yes
800822,0,3,1,5,3,4,2,1,5,5,27,17,94,52,87,58,20,58,58,7,14,41,Yes
800823,2,2,2,4,1,4,4,1,3,4,85,30,93,31,26,22,96,83,9,82,30,51,Yes
800824,5,3,1,5,4,1,1,3,3,1,46,53,71,59,16,68,92,80,39,33,90,30,No
800825,2,1,4,2,2,3,4,5,4,3,35,15,69,13,86,33,30,93,25,68,9,85,Yes
800826,5,5,3,4,2,5,5,2,4,2,94,24,1,13,20,31,97,37,55,24,75,16,No
800827,3,1,3,5,1,1,2,4,4,5,79,23,1,71,93,14,44,58,14,76,3,73,No
800828,2,4,4,3,3,4,2,5,4,3,83,45,99,9,26,92,19,65,39,84,13,2,No
800829,5,3,1,4,5,3,5,2,2,2,75,50,68,8,82,51,17,5,34,73,70,40,No
800830,5,3,1,5,3,2,5,1,5,2,50,88,90,82,77,99,19,93,8,39,72,63,Yes
800831,2,2,4,2,2,5,1,1,4,2,40,35,87,91,16,85,11,47,85,100,43,57,Yes
800832,4,3,3,5,5,4,4,5,5,4,30,75,57,25,13,39,26,1,16,47,69,37,Yes
800833,0,3,2,5,3,1,3,4,2,3,50,86,69,86,16,33,14,69,98,100,90,16,Yes
800834,1,1,1,1,2,5,4,5,1,1,3,67,19,91,11,93,78,24,46,54,66,83,Yes
800835,3,2,2,3,2,2,4,1,1,5,42,68,36,38,26,15,73,66,84,26,90,11,Yes
800836,3,3,3,2,2,4,2,1,1,1,100,60,22,92,17,92,86,24,77,49,41,37,No
800837,1,5,2,2,4,5,1,1,5,3,3,6,69,9,8,51,15,25,76,63,82,65,Yes
800838,5,3,5,2,2,2,3,2,5,5,23,86,56,45,3,91,36,38,92,22,68,32,No
800839,1,1,5,2,1,4,2,5,3,3,30,22,89,10,47,86,92,45,47,18,81,78,No
800840,4,1,3,2,4,5,5,1,4,1,43,2,24,68,95,7,18,72,65,4,48,35,No
800841,0,4,4,2,4,2,1,2,3,5,72,73,12,89,64,35,32,10,51,96,82,17,No
800842,1,2,1,5,5,1,2,1,4,3,32,18,52,69,35,76,46,67,65,31,98,93,No
800843,3,4,4,4,2,3,2,3,4,2,7,17,67,81,82,11,82,57,66,53,90,37,No
800844,5,4,4,3,5,2,2,2,2,3,39,17,40,66,5,86,32,45,57,58,13,45,No
800845,2,3,4,1,2,1,3,4,1,1,18,27,33,51,64,21,30,56,42,37,51,74,Yes
800846,1,1,4,2,4,1,4,2,2,5,10,83,5,27,76,25,52,82,20,18,86,60,Yes
800847,5,2,2,1,4,4,5,4,1,4,28,56,82,40,82,89,73,43,1,42,93,25,Yes
800848,3,2,1,1,1,5,4,4,2,1,33,12,17,65,61,41,68,99,39,39,67,70,No
800849,3,5,2,5,1,4,3,3,3,3,87,7,42,34,36,30,65,5,5,67,48,29,Yes
800850,0,4,2,1,5,1,4,2,2,3,38,23,39,20,80,70,55,12,63,96,61,42,No
800851,2,3,2,4,5,2,2,3,4,5,53,62,28,11,34,77,16,36,42,19,93,83,No
800852,1,2,3,5,4,1,4,5,5,2,14,87,74,34,39,22,70,28,90,78,83,70,No
800853,3,4,1,2,1,5,4,1,2,2,64,78,58,27,82,98,31,19,1,41,11,71,No
800854,0,4,2,1,5,4,3,4,1,4,77,93,2,58,49,65,35,15,56,16,30,14,Yes
800855,4,4,5,5,4,5,2,2,5,5,6,11,76,88,54,26,66,36,23,50,31,20,Yes
800856,0,1,4,1,2,2,3,5,5,4,40,17,15,85,66,78,81,73,7,22,10,91,No
800857,4,5,5,1,2,1,5,2,1,2,36,72,1,49,31,49,94,67,29,13,52,10,Yes
800858,3,2,4,2,1,4,4,2,5,5,43,92,93,94,100,36,20,72,77,7,60,90,Yes
800859,3,4,4,4,4,5,5,1,3,2,89,98,5,33,2,13,1,94,8,5,14,24,No
800860,5,2,4,5,5,4,3,5,3,1,93,89,74,46,1,79,69,27,61,33,96,57,Yes
800861,5,4,5,2,3,1,1,4,1,3,2,85,18,40,23,99,67,35,22,64,50,5,No
800862,1,4,2,5,3,5,5,5,5,3,23,61,100,22,47,62,97,17,75,99,50,85,Yes
800863,2,1,4,2,5,2,4,2,4,5,97,11,74,24,67,55,39,84,34,94,45,27,No
800864,5,4,4,1,4,1,2,4,5,5,57,1,22,79,7,11,3,71,95,76,50,5,Yes
800865,3,3,4,2,1,4,4,2,5,4,99,67,45,60,57,29,77,73,47,81,82,84,No
800866,4,2,2,3,4,4,2,1,5,4,55,21,4,57,8,63,76,85,82,71,53,55,No
800867,2,3,2,1,3,4,4,1,3,1,36,39,48,80,13,54,26,57,16,32,18,24,Yes
800868,4,2,5,3,2,2,2,1,4,5,83,90,88,16,62,96,73,40,22,55,43,24,Yes
800869,5,1,4,2,3,2,3,4,4,2,26,34,58,37,63,6,1,92,38,67,35,64,No
800870,2,3,4,5,4,5,2,4,3,5,12,57,70,73,44,7,83,15,40,67,16,32,No
800871,4,5,5,4,1,4,2,3,4,5,35,44,87,4,18,29,80,40,51,29,83,8,No
800872,1,4,1,1,3,2,1,1,3,4,68,28,38,76,95,54,41,29,92,82,85,70,Yes
800873,1,1,5,4,5,2,1,4,4,1,81,92,27,39,26,47,3,49,72,10,19,56,Yes
800874,0,1,2,3,4,1,4,3,1,2,100,64,7,39,2,76,53,72,69,82,52,88,Yes
800875,1,5,3,1,1,5,5,3,3,4,99,66,41,81,23,39,63,60,11,82,49,71,Yes
800876,1,5,4,4,3,3,2,5,4,2,94,40,47,45,69,73,50,90,16,49,42,71,No
800877,4,4,1,4,3,4,3,1,4,3,12,41,1,90,55,96,91,6,60,49,30,71,Yes
800878,1,4,5,3,4,4,2,5,2,4,48,11,52,80,70,59,13,76,63,16,75,96,No
800879,4,4,3,2,2,3,2,3,4,1,86,18,71,99,76,30,21,56,25,96,86,18,Yes
800880,0,4,5,2,1,1,4,2,3,5,73,98,13,67,28,28,53,22,12,83,29,25,No
800881,2,5,5,4,3,3,4,3,2,2,10,45,35,4,60,25,93,97,15,17,82,36,No
800882,3,2,5,2,3,3,5,3,4,1,84,38,44,63,78,96,47,13,11,96,90,77,Yes
800883,4,4,3,3,3,3,4,2,5,3,62,38,40,58,6,50,78,75,24,21,32,63,No
800884,4,3,4,2,4,2,2,4,2,2,67,3,32,55,75,84,82,91,42,45,9,21,Yes
800885,4,1,4,4,4,4,3,5,2,2,95,82,67,54,36,24,46,46,86,74,56,30,No
800886,1,3,1,3,5,4,3,5,5,2,80,20,27,95,58,6,99,85,8,33,24,35,No
800887,4,1,3,4,2,5,2,2,4,3,10,86,61,77,40,96,1,12,59,33,55,100,Yes
800888,1,4,4,1,2,5,3,2,2,3,9,83,17,15,61,77,59,92,9,13,99,86,Yes
800889,3,1,5,5,4,3,1,4,2,4,57,21,95,66,15,8,50,4,70,77,57,22,No
800890,1,1,2,2,5,3,3,1,1,4,90,86,47,85,24,46,87,72,62,10,99,10,Yes
800891,4,2,4,5,1,2,4,5,2,5,100,17,91,95,12,7,94,89,5,5,94,72,No
800892,2,5,1,4,1,2,4,3,2,2,8,16,81,70,92,86,61,26,31,69,33,57,Yes
800893,4,3,5,4,4,4,1,4,5,4,11,54,11,34,22,10,84,33,76,30,1,46,Yes
800894,1,2,5,4,3,4,1,3,2,3,87,94,83,60,74,49,22,3,1,35,77,58,No
800895,0,3,4,4,2,4,5,3,5,5,69,3,44,57,34,51,71,5,81,9,74,95,No
800896,2,3,3,3,5,2,1,2,3,4,25,42,23,25,86,2,26,97,24,15,5,2,Yes
800897,5,4,2,3,1,1,4,3,1,2,62,94,8,100,84,54,77,41,82,25,62,32,Yes
800898,3,5,2,1,2,2,1,4,1,3,27,81,21,87,46,5,54,65,25,6,86,2,No
800899,2,5,5,3,3,2,5,3,1,3,19,61,50,52,24,12,8,11,2,81,79,83,No
800900,0,3,3,3,2,3,5,4,5,5,38,2,92,3,46,45,90,97,9,49,59,30,Yes
800901,2,2,2,3,3,2,2,2,5,5,3,60,84,41,10,55,97,50,27,55,87,83,No
800902,2,1,2,1,1,5,2,5,2,4,1,24,79,61,85,74,4,25,99,21,26,64,No
800903,3,4,4,4,3,3,2,2,3,5,93,7,27,18,64,5,5,25,76,74,21,20,Yes
800904,4,4,5,3,2,4,5,5,3,2,5,40,62,7,51,79,33,41,8,70,8,50,Yes
800905,2,4,3,1,5,4,3,1,5,1,13,66,51,61,44,87,17,67,15,57,64,15,No
800906,4,5,5,5,1,2,4,3,5,3,97,71,60,38,77,95,41,81,93,11,26,22,Yes
800907,0,1,5,5,2,1,2,5,2,2,93,26,79,32,59,17,1,52,36,40,6,68,Yes
800908,0,3,3,5,5,2,5,5,2,4,38,31,88,78,29,67,28,60,53,16,100,100,No
800909,1,3,5,5,4,3,5,3,2,5,32,25,82,65,49,78,11,91,15,90,75,51,Yes
800910,0,4,2,2,3,2,1,5,3,2,83,20,41,21,26,44,40,51,60,51,71,43,No
800911,2,5,4,5,2,5,3,2,1,5,3,71,85,6,84,57,80,26,42,13,27,4,No
800912,2,4,1,5,4,4,1,3,2,2,13,92,54,13,93,28,33,77,70,56,35,23,Yes
800913,2,1,1,5,2,2,5,4,3,1,16,86,20,69,94,68,36,16,35,30,87,42,No
800914,2,5,4,1,4,4,4,2,2,3,28,13,85,87,4,94,26,80,27,79,7,83,No
800915,2,4,4,1,4,3,3,1,3,4,42,93,11,60,85,26,87,50,91,6,46,83,No
800916,4,1,2,2,4,4,2,4,1,3,28,8,5,75,20,58,33,80,80,24,29,27,No
800917,3,3,1,5,4,2,2,5,4,1,76,53,43,45,26,6,62,19,97,39,11,61,Yes
800918,1,1,4,4,3,3,4,4,3,1,37,76,85,82,62,51,16,53,46,57,12,17,No
800919,1,2,3,1,3,4,2,1,1,4,30,74,77,74,26,37,23,57,100,33,85,38,Yes
800920,0,1,3,3,5,5,4,5,5,3,37,1,16,43,83,67,44,46,12,85,88,93,No
800921,5,1,5,2,4,1,4,3,5,1,68,78,2,98,99,36,99,73,1,43,14,8,No
800922,1,3,4,1,1,5,3,4,3,4,100,9,25,45,70,26,53,79,30,54,48,46,Yes
800923,3,1,3,5,3,1,5,2,2,5,85,28,79,98,1,24,70,5,11,78,97,25,No
800924,4,4,1,5,2,5,3,2,2,4,60,79,24,51,46,31,65,73,87,25,60,27,Yes
800925,4,2,1,4,5,4,1,3,5,4,45,58,14,50,86,10,12,31,73,97,35,37,No
800926,0,2,4,1,3,3,4,4,3,5,93,81,90,100,53,78,36,24,44,82,78,11,No
800927,5,1,4,1,3,2,2,5,4,1,63,76,56,76,99,21,89,53,78,53,88,16,Yes
800928,5,1,5,4,4,4,2,1,2,3,37,8,26,75,26,88,21,32,55,93,11,75,No
800929,5,5,5,3,5,5,5,2,1,1,80,22,36,88,1,91,70,23,5,60,87,20,Yes
800930,3,1,4,5,2,3,2,5,5,4,47,57,13,24,43,74,46,100,55,32,68,33,No
800931,2,4,2,2,5,5,4,2,1,3,18,68,47,44,79,77,24,20,22,23,88,24,Yes
800932,4,5,1,1,2,4,4,2,5,5,11,82,52,93,33,3,22,17,13,64,93,74,Yes
800933,1,5,2,4,1,5,4,1,2,4,13,51,71,23,84,76,39,16,38,52,96,60,No
800934,3,2,2,1,2,1,1,3,5,4,93,71,92,3,80,9,79,46,19,40,34,34,Yes
800935,5,2,1,4,2,2,2,4,2,5,89,70,36,4,73,57,28,58,45,96,38,61,Yes
800936,0,1,3,5,2,4,5,3,1,5,7,25,1,41,57,55,41,80,63,58,96,23,Yes
800937,4,5,2,3,4,5,3,4,3,5,73,4,58,90,83,54,65,100,32,51,54,94,Yes
800938,3,4,2,4,4,4,3,2,2,4,79,58,13,43,85,52,99,45,87,56,42,16,Yes
800939,0,3,3,1,3,4,1,2,3,2,54,75,16,72,13,12,56,97,23,88,90,69,No
800940,5,3,5,1,5,5,5,3,5,4,55,95,29,91,1,23,73,68,97,42,51,80,No
800941,3,4,2,5,2,5,3,2,4,1,15,77,1,54,71,88,29,56,31,71,49,84,Yes
800942,5,4,4,4,2,5,4,1,4,5,11,12,73,69,66,62,79,69,50,32,15,93,Yes
800943,5,5,5,2,5,4,2,2,1,5,78,67,77,68,68,74,34,63,99,76,61,49,No
800944,2,1,5,4,2,5,4,5,4,3,50,44,1,75,94,60,31,12,97,17,87,56,No
800945,1,4,3,3,3,4,1,2,1,3,45,96,34,5,94,40,33,30,85,38,5,6,Yes
800946,0,4,1,1,3,4,2,2,1,2,73,53,60,3,9,66,29,93,23,80,60,37,No
800947,4,3,2,3,2,5,3,5,2,5,24,51,77,2,67,5,19,59,23,46,82,70,Yes
800948,2,2,5,4,5,4,5,3,4,5,18,13,31,45,42,73,49,74,14,88,5,46,No
800949,0,1,4,5,1,3,5,5,3,3,50,91,4,35,69,74,19,3,13,37,56,36,Yes
800950,4,4,3,1,2,1,4,1,3,5,71,11,41,79,66,54,98,88,63,69,60,81,Yes
800951,4,1,3,3,5,3,2,1,5,2,96,40,4,56,2,14,20,81,39,41,69,1,Yes
800952,2,2,2,5,2,2,3,4,5,1,59,61,58,20,65,67,9,43,35,43,15,69,No
800953,3,1,5,1,3,1,5,1,4,3,64,90,90,90,22,32,60,61,25,93,55,18,Yes
800954,5,5,4,5,5,5,5,2,5,2,62,42,95,74,67,83,92,71,35,52,41,39,Yes
800955,5,2,4,5,3,2,2,4,1,4,78,83,14,70,12,95,28,29,57,100,36,20,No
800956,2,2,2,1,5,5,3,1,4,5,88,67,10,58,86,98,27,21,17,25,92,37,No
800957,5,3,2,5,5,4,4,3,2,1,4,79,16,18,66,35,70,53,86,87,80,51,Yes
800958,5,3,3,2,2,3,2,5,3,3,41,87,100,54,64,17,89,67,53,87,34,44,Yes
800959,0,2,3,1,3,5,3,2,2,5,5,48,31,22,95,89,94,57,16,32,32,79,No
800960,2,4,1,5,4,5,4,4,3,4,82,54,88,52,13,78,10,33,59,22,24,68,No
800961,3,2,1,3,1,1,2,1,4,5,81,74,87,59,70,27,52,41,54,39,64,79,No
800962,3,2,4,3,4,2,2,4,3,1,84,24,85,75,36,2,39,2,93,44,4,94,Yes
800963,4,5,1,3,5,1,5,3,5,3,51,2,40,1,81,12,84,77,90,40,45,29,No
800964,0,4,4,4,4,4,5,1,2,3,60,22,50,68,97,43,12,67,95,20,15,67,No
800965,4,3,1,2,4,3,3,4,5,2,21,83,4,7,92,43,99,85,84,84,77,25,Yes
800966,4,1,1,4,2,4,3,5,2,4,15,70,32,96,73,14,46,93,41,93,27,48,Yes
800967,2,1,3,2,5,1,4,4,5,4,93,21,33,72,3,30,39,35,63,70,46,9,Yes
800968,2,2,5,1,4,3,3,1,2,2,26,72,87,76,76,20,60,20,84,9,41,30,No
800969,5,4,5,2,5,4,3,2,4,4,92,13,3,46,47,99,47,61,51,14,59,90,No
800970,3,2,4,1,5,5,3,2,3,4,13,26,59,50,22,60,33,46,68,85,53,83,No
800971,4,5,5,1,1,1,3,3,4,3,49,92,95,73,64,70,97,81,4,83,13,48,No
800972,3,1,5,3,2,4,3,2,4,2,19,45,1,59,93,65,59,58,85,44,81,5,Yes
800973,1,4,1,1,4,1,3,3,4,2,48,10,93,88,23,32,18,31,14,47,41,27,Yes
800974,5,4,5,5,4,1,5,4,2,5,37,8,42,28,9,15,11,49,82,33,9,46,Yes
800975,5,2,2,4,2,4,4,1,2,2,13,97,58,25,47,46,41,39,12,76,31,69,Yes
800976,1,4,1,2,3,2,4,4,1,4,57,92,45,96,32,59,32,64,2,57,75,95,No
800977,4,5,5,2,4,5,3,3,2,4,56,71,21,13,55,16,94,47,53,67,66,97,Yes
800978,5,3,5,5,2,4,1,3,5,5,55,99,7,3,93,54,92,27,43,30,43,17,Yes
800979,5,1,4,2,5,1,3,4,2,5,14,12,7,82,40,37,54,74,82,64,47,8,Yes
800980,4,1,5,1,3,1,4,1,5,4,68,2,87,2,17,43,17,14,57,7,41,32,Yes
800981,4,5,3,2,5,4,1,3,4,1,19,9,65,25,59,53,83,9,53,23,69,77,No
800982,0,1,4,2,5,4,1,1,2,4,60,60,92,33,13,90,75,59,15,20,97,30,Yes
800983,1,4,2,5,4,3,4,1,5,3,53,65,59,100,80,68,43,20,29,50,73,44,Yes
800984,3,1,3,1,4,2,5,5,3,1,51,21,20,26,39,21,92,1,92,87,96,91,Yes
800985,1,5,4,5,2,3,2,4,3,5,25,17,92,70,93,52,1,95,79,32,66,20,Yes
800986,4,4,3,4,3,3,2,4,3,4,72,67,62,14,15,7,59,46,16,69,49,51,Yes
800987,4,4,1,5,5,5,4,5,2,4,12,86,56,89,95,8,35,9,93,3,50,53,Yes
800988,5,4,2,3,2,3,2,5,1,3,65,99,69,30,91,47,85,89,50,30,85,82,Yes
800989,0,2,2,3,4,4,2,2,5,4,71,77,85,99,27,70,45,43,98,11,57,46,No
800990,1,2,3,5,5,1,2,5,1,2,98,40,61,20,47,5,37,22,57,77,88,77,Yes
800991,0,2,5,3,1,2,2,2,2,2,63,74,48,65,18,11,61,27,26,65,81,27,No
800992,4,3,1,2,1,3,1,4,2,1,52,38,5,46,76,19,61,66,50,68,73,45,Yes
800993,4,3,4,5,1,5,1,3,5,2,87,26,98,78,69,10,4,89,79,75,50,19,No
800994,4,3,4,3,4,5,4,5,4,1,94,17,24,50,18,46,57,89,25,99,85,8,Yes
800995,4,4,4,5,2,1,2,2,4,1,80,97,46,22,79,40,31,70,19,76,9,78,No
800996,4,2,3,4,5,5,5,4,1,4,91,58,14,94,7,35,68,85,78,91,7,68,No
800997,3,3,5,3,1,4,2,5,2,2,97,51,99,75,72,75,31,17,82,97,1,61,No
800998,1,4,5,2,1,1,3,5,5,2,40,73,95,95,50,12,84,75,25,49,1,84,No
800999,5,2,1,4,4,5,4,3,3,1,95,89,37,89,42,53,93,11,33,83,75,41,No